-- MySQL dump 10.13  Distrib 5.7.38, for Linux (x86_64)
--
-- Host: localhost    Database: db
-- ------------------------------------------------------
-- Server version	5.7.38

/*!40101 SET @OLD_CHARACTER_SET_CLIENT=@@CHARACTER_SET_CLIENT */;
/*!40101 SET @OLD_CHARACTER_SET_RESULTS=@@CHARACTER_SET_RESULTS */;
/*!40101 SET @OLD_COLLATION_CONNECTION=@@COLLATION_CONNECTION */;
/*!40101 SET NAMES utf8mb3 */;
/*!40103 SET @OLD_TIME_ZONE=@@TIME_ZONE */;
/*!40103 SET TIME_ZONE='+00:00' */;
/*!40014 SET @OLD_UNIQUE_CHECKS=@@UNIQUE_CHECKS, UNIQUE_CHECKS=0 */;
/*!40014 SET @OLD_FOREIGN_KEY_CHECKS=@@FOREIGN_KEY_CHECKS, FOREIGN_KEY_CHECKS=0 */;
/*!40101 SET @OLD_SQL_MODE=@@SQL_MODE, SQL_MODE='NO_AUTO_VALUE_ON_ZERO' */;
/*!40111 SET @OLD_SQL_NOTES=@@SQL_NOTES, SQL_NOTES=0 */;

--
-- Table structure for table `Basket`
--

DROP TABLE IF EXISTS `Basket`;
/*!40101 SET @saved_cs_client     = @@character_set_client */;
/*!40101 SET character_set_client = utf8 */;
CREATE TABLE `Basket` (
  `id` int(11) NOT NULL AUTO_INCREMENT,
  `ref` varchar(256) DEFAULT NULL,
  `cdate` datetime NOT NULL,
  `num` int(11) NOT NULL,
  `data` mediumblob,
  `userId` int(11) NOT NULL,
  `multiDistribId` int(11) NOT NULL,
  PRIMARY KEY (`id`),
  KEY `Basket_ref` (`ref`),
  KEY `Basket_user` (`userId`),
  KEY `Basket_multiDistrib` (`multiDistribId`),
  CONSTRAINT `Basket_multiDistrib` FOREIGN KEY (`multiDistribId`) REFERENCES `MultiDistrib` (`id`) ON DELETE CASCADE,
  CONSTRAINT `Basket_user` FOREIGN KEY (`userId`) REFERENCES `User` (`id`) ON DELETE CASCADE
) ENGINE=InnoDB DEFAULT CHARSET=utf8;
/*!40101 SET character_set_client = @saved_cs_client */;

--
-- Dumping data for table `Basket`
--

LOCK TABLES `Basket` WRITE;
/*!40000 ALTER TABLE `Basket` DISABLE KEYS */;
/*!40000 ALTER TABLE `Basket` ENABLE KEYS */;
UNLOCK TABLES;

--
-- Table structure for table `BufferedMail`
--

DROP TABLE IF EXISTS `BufferedMail`;
/*!40101 SET @saved_cs_client     = @@character_set_client */;
/*!40101 SET character_set_client = utf8 */;
CREATE TABLE `BufferedMail` (
  `id` int(11) NOT NULL AUTO_INCREMENT,
  `title` varchar(256) NOT NULL,
  `htmlBody` mediumtext,
  `textBody` mediumtext,
  `headers` mediumblob NOT NULL,
  `sender` mediumblob NOT NULL,
  `recipients` mediumblob NOT NULL,
  `mailerType` varchar(32) NOT NULL,
  `tries` int(11) NOT NULL,
  `cdate` datetime NOT NULL,
  `sdate` datetime DEFAULT NULL,
  `rawStatus` mediumtext,
  `status` mediumblob,
  `data` mediumblob,
  `remoteId` int(11) DEFAULT NULL,
  PRIMARY KEY (`id`),
  KEY `BufferedMail_remoteId_sdate_cdate` (`remoteId`,`sdate`,`cdate`)
) ENGINE=InnoDB DEFAULT CHARSET=utf8;
/*!40101 SET character_set_client = @saved_cs_client */;

--
-- Dumping data for table `BufferedMail`
--

LOCK TABLES `BufferedMail` WRITE;
/*!40000 ALTER TABLE `BufferedMail` DISABLE KEYS */;
/*!40000 ALTER TABLE `BufferedMail` ENABLE KEYS */;
UNLOCK TABLES;

--
-- Table structure for table `Cache`
--

DROP TABLE IF EXISTS `Cache`;
/*!40101 SET @saved_cs_client     = @@character_set_client */;
/*!40101 SET character_set_client = utf8 */;
CREATE TABLE `Cache` (
  `name` varchar(128) NOT NULL,
  `value` mediumtext NOT NULL,
  `expire` datetime NOT NULL,
  `cdate` datetime DEFAULT NULL,
  PRIMARY KEY (`name`)
) ENGINE=InnoDB DEFAULT CHARSET=utf8;
/*!40101 SET character_set_client = @saved_cs_client */;

--
-- Dumping data for table `Cache`
--

LOCK TABLES `Cache` WRITE;
/*!40000 ALTER TABLE `Cache` DISABLE KEYS */;
INSERT INTO `Cache` VALUES ('productsExcerpt1','ah','2022-05-26 21:39:45','2022-05-26 09:39:45'),('productsExcerpt2','ah','2022-05-26 21:39:45','2022-05-26 09:39:45'),('productsExcerpt3','ah','2022-05-26 21:39:45','2022-05-26 09:39:45');
/*!40000 ALTER TABLE `Cache` ENABLE KEYS */;
UNLOCK TABLES;

--
-- Table structure for table `Catalog`
--

DROP TABLE IF EXISTS `Catalog`;
/*!40101 SET @saved_cs_client     = @@character_set_client */;
/*!40101 SET character_set_client = utf8 */;
CREATE TABLE `Catalog` (
  `id` int(11) NOT NULL AUTO_INCREMENT,
  `name` varchar(64) NOT NULL,
  `startDate` datetime NOT NULL,
  `endDate` datetime NOT NULL,
  `description` mediumtext,
  `distributorNum` tinyint(4) NOT NULL,
  `flags` int(11) NOT NULL,
  `percentageValue` double DEFAULT NULL,
  `percentageName` varchar(64) DEFAULT NULL,
  `type` int(11) NOT NULL,
  `userId` int(11) DEFAULT NULL,
  `vendorId` int(11) NOT NULL,
  `groupId` int(11) NOT NULL,
  PRIMARY KEY (`id`),
  KEY `Catalog_startDate_endDate` (`startDate`,`endDate`),
  KEY `Catalog_contact` (`userId`),
  KEY `Catalog_vendor` (`vendorId`),
  KEY `Catalog_group` (`groupId`),
  CONSTRAINT `Catalog_contact` FOREIGN KEY (`userId`) REFERENCES `User` (`id`) ON DELETE SET NULL,
  CONSTRAINT `Catalog_group` FOREIGN KEY (`groupId`) REFERENCES `Group` (`id`) ON DELETE CASCADE,
  CONSTRAINT `Catalog_vendor` FOREIGN KEY (`vendorId`) REFERENCES `Vendor` (`id`) ON DELETE CASCADE
) ENGINE=InnoDB AUTO_INCREMENT=7 DEFAULT CHARSET=utf8;
/*!40101 SET character_set_client = @saved_cs_client */;

--
-- Dumping data for table `Catalog`
--

LOCK TABLES `Catalog` WRITE;
/*!40000 ALTER TABLE `Catalog` DISABLE KEYS */;
INSERT INTO `Catalog` VALUES (1,'Ferme du Jointout','2022-05-01 00:00:00','2023-07-01 23:59:59',NULL,0,3,NULL,NULL,1,1,1,1),(2,'Ferme Adiiris','2022-05-01 00:00:00','2023-07-01 23:59:59',NULL,0,3,NULL,NULL,1,1,2,1),(3,'Ferme de Visargent','2022-05-01 00:00:00','2023-07-01 23:59:59',NULL,0,3,NULL,NULL,1,1,3,1),(4,'Elan Jardin','2022-05-01 00:00:00','2023-07-01 23:59:59',NULL,0,3,NULL,NULL,1,1,4,1),(5,'Le Jardin Burgonde','2022-05-01 00:00:00','2023-07-01 23:59:59',NULL,0,3,NULL,NULL,1,1,6,1),(6,'Paysan Sorcier','2022-05-01 00:00:00','2023-07-01 23:59:59',NULL,0,3,NULL,NULL,1,1,5,1);
/*!40000 ALTER TABLE `Catalog` ENABLE KEYS */;
UNLOCK TABLES;

--
-- Table structure for table `Category`
--

DROP TABLE IF EXISTS `Category`;
/*!40101 SET @saved_cs_client     = @@character_set_client */;
/*!40101 SET character_set_client = utf8 */;
CREATE TABLE `Category` (
  `id` int(11) NOT NULL AUTO_INCREMENT,
  `name` varchar(128) NOT NULL,
  `categoryGroupId` int(11) NOT NULL,
  PRIMARY KEY (`id`),
  KEY `Category_categoryGroup` (`categoryGroupId`),
  CONSTRAINT `Category_categoryGroup` FOREIGN KEY (`categoryGroupId`) REFERENCES `CategoryGroup` (`id`) ON DELETE CASCADE
) ENGINE=InnoDB DEFAULT CHARSET=utf8;
/*!40101 SET character_set_client = @saved_cs_client */;

--
-- Dumping data for table `Category`
--

LOCK TABLES `Category` WRITE;
/*!40000 ALTER TABLE `Category` DISABLE KEYS */;
/*!40000 ALTER TABLE `Category` ENABLE KEYS */;
UNLOCK TABLES;

--
-- Table structure for table `CategoryGroup`
--

DROP TABLE IF EXISTS `CategoryGroup`;
/*!40101 SET @saved_cs_client     = @@character_set_client */;
/*!40101 SET character_set_client = utf8 */;
CREATE TABLE `CategoryGroup` (
  `id` int(11) NOT NULL AUTO_INCREMENT,
  `name` varchar(128) NOT NULL,
  `color` tinyint(4) NOT NULL,
  `pinned` tinyint(1) NOT NULL,
  `amapId` int(11) NOT NULL,
  PRIMARY KEY (`id`),
  KEY `CategoryGroup_amap` (`amapId`),
  CONSTRAINT `CategoryGroup_amap` FOREIGN KEY (`amapId`) REFERENCES `Group` (`id`) ON DELETE CASCADE
) ENGINE=InnoDB DEFAULT CHARSET=utf8;
/*!40101 SET character_set_client = @saved_cs_client */;

--
-- Dumping data for table `CategoryGroup`
--

LOCK TABLES `CategoryGroup` WRITE;
/*!40000 ALTER TABLE `CategoryGroup` DISABLE KEYS */;
/*!40000 ALTER TABLE `CategoryGroup` ENABLE KEYS */;
UNLOCK TABLES;

--
-- Table structure for table `Distribution`
--

DROP TABLE IF EXISTS `Distribution`;
/*!40101 SET @saved_cs_client     = @@character_set_client */;
/*!40101 SET character_set_client = utf8 */;
CREATE TABLE `Distribution` (
  `id` int(11) NOT NULL AUTO_INCREMENT,
  `date` datetime DEFAULT NULL,
  `end` datetime DEFAULT NULL,
  `orderStartDate` datetime DEFAULT NULL,
  `orderEndDate` datetime DEFAULT NULL,
  `catalogId` int(11) NOT NULL,
  `multiDistribId` int(11) NOT NULL,
  `placeId` int(11) NOT NULL,
  PRIMARY KEY (`id`),
  KEY `Distribution_date_orderStartDate_orderEndDate` (`date`,`orderStartDate`,`orderEndDate`),
  KEY `Distribution_catalog` (`catalogId`),
  KEY `Distribution_multiDistrib` (`multiDistribId`),
  KEY `Distribution_place` (`placeId`),
  CONSTRAINT `Distribution_catalog` FOREIGN KEY (`catalogId`) REFERENCES `Catalog` (`id`) ON DELETE CASCADE,
  CONSTRAINT `Distribution_multiDistrib` FOREIGN KEY (`multiDistribId`) REFERENCES `MultiDistrib` (`id`) ON DELETE CASCADE,
  CONSTRAINT `Distribution_place` FOREIGN KEY (`placeId`) REFERENCES `Place` (`id`) ON DELETE CASCADE
) ENGINE=InnoDB AUTO_INCREMENT=319 DEFAULT CHARSET=utf8;
/*!40101 SET character_set_client = @saved_cs_client */;

--
-- Dumping data for table `Distribution`
--

LOCK TABLES `Distribution` WRITE;
/*!40000 ALTER TABLE `Distribution` DISABLE KEYS */;
INSERT INTO `Distribution` VALUES (1,'2022-05-26 17:00:00','2022-05-26 18:00:00','2022-05-21 08:00:00','2022-05-25 08:00:00',5,1,1),(2,'2022-06-02 17:00:00','2022-06-02 18:00:00','2022-05-28 08:00:00','2022-06-01 08:00:00',5,2,1),(3,'2022-06-09 17:00:00','2022-06-09 18:00:00','2022-06-04 08:00:00','2022-06-08 08:00:00',5,3,1),(4,'2022-06-16 17:00:00','2022-06-16 18:00:00','2022-06-11 08:00:00','2022-06-15 08:00:00',5,4,1),(5,'2022-06-23 17:00:00','2022-06-23 18:00:00','2022-06-18 08:00:00','2022-06-22 08:00:00',5,5,1),(6,'2022-06-30 17:00:00','2022-06-30 18:00:00','2022-06-25 08:00:00','2022-06-29 08:00:00',5,6,1),(7,'2022-07-07 17:00:00','2022-07-07 18:00:00','2022-07-02 08:00:00','2022-07-06 08:00:00',5,7,1),(8,'2022-07-14 17:00:00','2022-07-14 18:00:00','2022-07-09 08:00:00','2022-07-13 08:00:00',5,8,1),(9,'2022-07-21 17:00:00','2022-07-21 18:00:00','2022-07-16 08:00:00','2022-07-20 08:00:00',5,9,1),(10,'2022-07-28 17:00:00','2022-07-28 18:00:00','2022-07-23 08:00:00','2022-07-27 08:00:00',5,10,1),(11,'2022-08-04 17:00:00','2022-08-04 18:00:00','2022-07-30 08:00:00','2022-08-03 08:00:00',5,11,1),(12,'2022-08-11 17:00:00','2022-08-11 18:00:00','2022-08-06 08:00:00','2022-08-10 08:00:00',5,12,1),(13,'2022-08-18 17:00:00','2022-08-18 18:00:00','2022-08-13 08:00:00','2022-08-17 08:00:00',5,13,1),(14,'2022-08-25 17:00:00','2022-08-25 18:00:00','2022-08-20 08:00:00','2022-08-24 08:00:00',5,14,1),(15,'2022-09-01 17:00:00','2022-09-01 18:00:00','2022-08-27 08:00:00','2022-08-31 08:00:00',5,15,1),(16,'2022-09-08 17:00:00','2022-09-08 18:00:00','2022-09-03 08:00:00','2022-09-07 08:00:00',5,16,1),(17,'2022-09-15 17:00:00','2022-09-15 18:00:00','2022-09-10 08:00:00','2022-09-14 08:00:00',5,17,1),(18,'2022-09-22 17:00:00','2022-09-22 18:00:00','2022-09-17 08:00:00','2022-09-21 08:00:00',5,18,1),(19,'2022-09-29 17:00:00','2022-09-29 18:00:00','2022-09-24 08:00:00','2022-09-28 08:00:00',5,19,1),(20,'2022-10-06 17:00:00','2022-10-06 18:00:00','2022-10-01 08:00:00','2022-10-05 08:00:00',5,20,1),(21,'2022-10-13 17:00:00','2022-10-13 18:00:00','2022-10-08 08:00:00','2022-10-12 08:00:00',5,21,1),(22,'2022-10-20 17:00:00','2022-10-20 18:00:00','2022-10-15 08:00:00','2022-10-19 08:00:00',5,22,1),(23,'2022-10-27 17:00:00','2022-10-27 18:00:00','2022-10-22 08:00:00','2022-10-26 08:00:00',5,23,1),(24,'2022-11-03 17:00:00','2022-11-03 18:00:00','2022-10-29 08:00:00','2022-11-02 08:00:00',5,24,1),(25,'2022-11-10 17:00:00','2022-11-10 18:00:00','2022-11-05 08:00:00','2022-11-09 08:00:00',5,25,1),(26,'2022-11-17 17:00:00','2022-11-17 18:00:00','2022-11-12 08:00:00','2022-11-16 08:00:00',5,26,1),(27,'2022-11-24 17:00:00','2022-11-24 18:00:00','2022-11-19 08:00:00','2022-11-23 08:00:00',5,27,1),(28,'2022-12-01 17:00:00','2022-12-01 18:00:00','2022-11-26 08:00:00','2022-11-30 08:00:00',5,28,1),(29,'2022-12-08 17:00:00','2022-12-08 18:00:00','2022-12-03 08:00:00','2022-12-07 08:00:00',5,29,1),(30,'2022-12-15 17:00:00','2022-12-15 18:00:00','2022-12-10 08:00:00','2022-12-14 08:00:00',5,30,1),(31,'2022-12-22 17:00:00','2022-12-22 18:00:00','2022-12-17 08:00:00','2022-12-21 08:00:00',5,31,1),(32,'2022-12-29 17:00:00','2022-12-29 18:00:00','2022-12-24 08:00:00','2022-12-28 08:00:00',5,32,1),(33,'2023-01-05 17:00:00','2023-01-05 18:00:00','2022-12-31 08:00:00','2023-01-04 08:00:00',5,33,1),(34,'2023-01-12 17:00:00','2023-01-12 18:00:00','2023-01-07 08:00:00','2023-01-11 08:00:00',5,34,1),(35,'2023-01-19 17:00:00','2023-01-19 18:00:00','2023-01-14 08:00:00','2023-01-18 08:00:00',5,35,1),(36,'2023-01-26 17:00:00','2023-01-26 18:00:00','2023-01-21 08:00:00','2023-01-25 08:00:00',5,36,1),(37,'2023-02-02 17:00:00','2023-02-02 18:00:00','2023-01-28 08:00:00','2023-02-01 08:00:00',5,37,1),(38,'2023-02-09 17:00:00','2023-02-09 18:00:00','2023-02-04 08:00:00','2023-02-08 08:00:00',5,38,1),(39,'2023-02-16 17:00:00','2023-02-16 18:00:00','2023-02-11 08:00:00','2023-02-15 08:00:00',5,39,1),(40,'2023-02-23 17:00:00','2023-02-23 18:00:00','2023-02-18 08:00:00','2023-02-22 08:00:00',5,40,1),(41,'2023-03-02 17:00:00','2023-03-02 18:00:00','2023-02-25 08:00:00','2023-03-01 08:00:00',5,41,1),(42,'2023-03-09 17:00:00','2023-03-09 18:00:00','2023-03-04 08:00:00','2023-03-08 08:00:00',5,42,1),(43,'2023-03-16 17:00:00','2023-03-16 18:00:00','2023-03-11 08:00:00','2023-03-15 08:00:00',5,43,1),(44,'2023-03-23 17:00:00','2023-03-23 18:00:00','2023-03-18 08:00:00','2023-03-22 08:00:00',5,44,1),(45,'2023-03-30 17:00:00','2023-03-30 18:00:00','2023-03-25 08:00:00','2023-03-29 08:00:00',5,45,1),(46,'2023-04-06 17:00:00','2023-04-06 18:00:00','2023-04-01 08:00:00','2023-04-05 08:00:00',5,46,1),(47,'2023-04-13 17:00:00','2023-04-13 18:00:00','2023-04-08 08:00:00','2023-04-12 08:00:00',5,47,1),(48,'2023-04-20 17:00:00','2023-04-20 18:00:00','2023-04-15 08:00:00','2023-04-19 08:00:00',5,48,1),(49,'2023-04-27 17:00:00','2023-04-27 18:00:00','2023-04-22 08:00:00','2023-04-26 08:00:00',5,49,1),(50,'2023-05-04 17:00:00','2023-05-04 18:00:00','2023-04-29 08:00:00','2023-05-03 08:00:00',5,50,1),(51,'2023-05-11 17:00:00','2023-05-11 18:00:00','2023-05-06 08:00:00','2023-05-10 08:00:00',5,51,1),(52,'2023-05-18 17:00:00','2023-05-18 18:00:00','2023-05-13 08:00:00','2023-05-17 08:00:00',5,52,1),(53,'2023-05-25 17:00:00','2023-05-25 18:00:00','2023-05-20 08:00:00','2023-05-24 08:00:00',5,53,1),(54,'2022-05-26 17:00:00','2022-05-26 18:00:00','2022-05-21 08:00:00','2022-05-25 08:00:00',6,1,1),(55,'2022-06-02 17:00:00','2022-06-02 18:00:00','2022-05-28 08:00:00','2022-06-01 08:00:00',6,2,1),(56,'2022-06-09 17:00:00','2022-06-09 18:00:00','2022-06-04 08:00:00','2022-06-08 08:00:00',6,3,1),(57,'2022-06-16 17:00:00','2022-06-16 18:00:00','2022-06-11 08:00:00','2022-06-15 08:00:00',6,4,1),(58,'2022-06-23 17:00:00','2022-06-23 18:00:00','2022-06-18 08:00:00','2022-06-22 08:00:00',6,5,1),(59,'2022-06-30 17:00:00','2022-06-30 18:00:00','2022-06-25 08:00:00','2022-06-29 08:00:00',6,6,1),(60,'2022-07-07 17:00:00','2022-07-07 18:00:00','2022-07-02 08:00:00','2022-07-06 08:00:00',6,7,1),(61,'2022-07-14 17:00:00','2022-07-14 18:00:00','2022-07-09 08:00:00','2022-07-13 08:00:00',6,8,1),(62,'2022-07-21 17:00:00','2022-07-21 18:00:00','2022-07-16 08:00:00','2022-07-20 08:00:00',6,9,1),(63,'2022-07-28 17:00:00','2022-07-28 18:00:00','2022-07-23 08:00:00','2022-07-27 08:00:00',6,10,1),(64,'2022-08-04 17:00:00','2022-08-04 18:00:00','2022-07-30 08:00:00','2022-08-03 08:00:00',6,11,1),(65,'2022-08-11 17:00:00','2022-08-11 18:00:00','2022-08-06 08:00:00','2022-08-10 08:00:00',6,12,1),(66,'2022-08-18 17:00:00','2022-08-18 18:00:00','2022-08-13 08:00:00','2022-08-17 08:00:00',6,13,1),(67,'2022-08-25 17:00:00','2022-08-25 18:00:00','2022-08-20 08:00:00','2022-08-24 08:00:00',6,14,1),(68,'2022-09-01 17:00:00','2022-09-01 18:00:00','2022-08-27 08:00:00','2022-08-31 08:00:00',6,15,1),(69,'2022-09-08 17:00:00','2022-09-08 18:00:00','2022-09-03 08:00:00','2022-09-07 08:00:00',6,16,1),(70,'2022-09-15 17:00:00','2022-09-15 18:00:00','2022-09-10 08:00:00','2022-09-14 08:00:00',6,17,1),(71,'2022-09-22 17:00:00','2022-09-22 18:00:00','2022-09-17 08:00:00','2022-09-21 08:00:00',6,18,1),(72,'2022-09-29 17:00:00','2022-09-29 18:00:00','2022-09-24 08:00:00','2022-09-28 08:00:00',6,19,1),(73,'2022-10-06 17:00:00','2022-10-06 18:00:00','2022-10-01 08:00:00','2022-10-05 08:00:00',6,20,1),(74,'2022-10-13 17:00:00','2022-10-13 18:00:00','2022-10-08 08:00:00','2022-10-12 08:00:00',6,21,1),(75,'2022-10-20 17:00:00','2022-10-20 18:00:00','2022-10-15 08:00:00','2022-10-19 08:00:00',6,22,1),(76,'2022-10-27 17:00:00','2022-10-27 18:00:00','2022-10-22 08:00:00','2022-10-26 08:00:00',6,23,1),(77,'2022-11-03 17:00:00','2022-11-03 18:00:00','2022-10-29 08:00:00','2022-11-02 08:00:00',6,24,1),(78,'2022-11-10 17:00:00','2022-11-10 18:00:00','2022-11-05 08:00:00','2022-11-09 08:00:00',6,25,1),(79,'2022-11-17 17:00:00','2022-11-17 18:00:00','2022-11-12 08:00:00','2022-11-16 08:00:00',6,26,1),(80,'2022-11-24 17:00:00','2022-11-24 18:00:00','2022-11-19 08:00:00','2022-11-23 08:00:00',6,27,1),(81,'2022-12-01 17:00:00','2022-12-01 18:00:00','2022-11-26 08:00:00','2022-11-30 08:00:00',6,28,1),(82,'2022-12-08 17:00:00','2022-12-08 18:00:00','2022-12-03 08:00:00','2022-12-07 08:00:00',6,29,1),(83,'2022-12-15 17:00:00','2022-12-15 18:00:00','2022-12-10 08:00:00','2022-12-14 08:00:00',6,30,1),(84,'2022-12-22 17:00:00','2022-12-22 18:00:00','2022-12-17 08:00:00','2022-12-21 08:00:00',6,31,1),(85,'2022-12-29 17:00:00','2022-12-29 18:00:00','2022-12-24 08:00:00','2022-12-28 08:00:00',6,32,1),(86,'2023-01-05 17:00:00','2023-01-05 18:00:00','2022-12-31 08:00:00','2023-01-04 08:00:00',6,33,1),(87,'2023-01-12 17:00:00','2023-01-12 18:00:00','2023-01-07 08:00:00','2023-01-11 08:00:00',6,34,1),(88,'2023-01-19 17:00:00','2023-01-19 18:00:00','2023-01-14 08:00:00','2023-01-18 08:00:00',6,35,1),(89,'2023-01-26 17:00:00','2023-01-26 18:00:00','2023-01-21 08:00:00','2023-01-25 08:00:00',6,36,1),(90,'2023-02-02 17:00:00','2023-02-02 18:00:00','2023-01-28 08:00:00','2023-02-01 08:00:00',6,37,1),(91,'2023-02-09 17:00:00','2023-02-09 18:00:00','2023-02-04 08:00:00','2023-02-08 08:00:00',6,38,1),(92,'2023-02-16 17:00:00','2023-02-16 18:00:00','2023-02-11 08:00:00','2023-02-15 08:00:00',6,39,1),(93,'2023-02-23 17:00:00','2023-02-23 18:00:00','2023-02-18 08:00:00','2023-02-22 08:00:00',6,40,1),(94,'2023-03-02 17:00:00','2023-03-02 18:00:00','2023-02-25 08:00:00','2023-03-01 08:00:00',6,41,1),(95,'2023-03-09 17:00:00','2023-03-09 18:00:00','2023-03-04 08:00:00','2023-03-08 08:00:00',6,42,1),(96,'2023-03-16 17:00:00','2023-03-16 18:00:00','2023-03-11 08:00:00','2023-03-15 08:00:00',6,43,1),(97,'2023-03-23 17:00:00','2023-03-23 18:00:00','2023-03-18 08:00:00','2023-03-22 08:00:00',6,44,1),(98,'2023-03-30 17:00:00','2023-03-30 18:00:00','2023-03-25 08:00:00','2023-03-29 08:00:00',6,45,1),(99,'2023-04-06 17:00:00','2023-04-06 18:00:00','2023-04-01 08:00:00','2023-04-05 08:00:00',6,46,1),(100,'2023-04-13 17:00:00','2023-04-13 18:00:00','2023-04-08 08:00:00','2023-04-12 08:00:00',6,47,1),(101,'2023-04-20 17:00:00','2023-04-20 18:00:00','2023-04-15 08:00:00','2023-04-19 08:00:00',6,48,1),(102,'2023-04-27 17:00:00','2023-04-27 18:00:00','2023-04-22 08:00:00','2023-04-26 08:00:00',6,49,1),(103,'2023-05-04 17:00:00','2023-05-04 18:00:00','2023-04-29 08:00:00','2023-05-03 08:00:00',6,50,1),(104,'2023-05-11 17:00:00','2023-05-11 18:00:00','2023-05-06 08:00:00','2023-05-10 08:00:00',6,51,1),(105,'2023-05-18 17:00:00','2023-05-18 18:00:00','2023-05-13 08:00:00','2023-05-17 08:00:00',6,52,1),(106,'2023-05-25 17:00:00','2023-05-25 18:00:00','2023-05-20 08:00:00','2023-05-24 08:00:00',6,53,1),(107,'2022-05-26 17:00:00','2022-05-26 18:00:00','2022-05-21 08:00:00','2022-05-25 08:00:00',4,1,1),(108,'2022-06-02 17:00:00','2022-06-02 18:00:00','2022-05-28 08:00:00','2022-06-01 08:00:00',4,2,1),(109,'2022-06-09 17:00:00','2022-06-09 18:00:00','2022-06-04 08:00:00','2022-06-08 08:00:00',4,3,1),(110,'2022-06-16 17:00:00','2022-06-16 18:00:00','2022-06-11 08:00:00','2022-06-15 08:00:00',4,4,1),(111,'2022-06-23 17:00:00','2022-06-23 18:00:00','2022-06-18 08:00:00','2022-06-22 08:00:00',4,5,1),(112,'2022-06-30 17:00:00','2022-06-30 18:00:00','2022-06-25 08:00:00','2022-06-29 08:00:00',4,6,1),(113,'2022-07-07 17:00:00','2022-07-07 18:00:00','2022-07-02 08:00:00','2022-07-06 08:00:00',4,7,1),(114,'2022-07-14 17:00:00','2022-07-14 18:00:00','2022-07-09 08:00:00','2022-07-13 08:00:00',4,8,1),(115,'2022-07-21 17:00:00','2022-07-21 18:00:00','2022-07-16 08:00:00','2022-07-20 08:00:00',4,9,1),(116,'2022-07-28 17:00:00','2022-07-28 18:00:00','2022-07-23 08:00:00','2022-07-27 08:00:00',4,10,1),(117,'2022-08-04 17:00:00','2022-08-04 18:00:00','2022-07-30 08:00:00','2022-08-03 08:00:00',4,11,1),(118,'2022-08-11 17:00:00','2022-08-11 18:00:00','2022-08-06 08:00:00','2022-08-10 08:00:00',4,12,1),(119,'2022-08-18 17:00:00','2022-08-18 18:00:00','2022-08-13 08:00:00','2022-08-17 08:00:00',4,13,1),(120,'2022-08-25 17:00:00','2022-08-25 18:00:00','2022-08-20 08:00:00','2022-08-24 08:00:00',4,14,1),(121,'2022-09-01 17:00:00','2022-09-01 18:00:00','2022-08-27 08:00:00','2022-08-31 08:00:00',4,15,1),(122,'2022-09-08 17:00:00','2022-09-08 18:00:00','2022-09-03 08:00:00','2022-09-07 08:00:00',4,16,1),(123,'2022-09-15 17:00:00','2022-09-15 18:00:00','2022-09-10 08:00:00','2022-09-14 08:00:00',4,17,1),(124,'2022-09-22 17:00:00','2022-09-22 18:00:00','2022-09-17 08:00:00','2022-09-21 08:00:00',4,18,1),(125,'2022-09-29 17:00:00','2022-09-29 18:00:00','2022-09-24 08:00:00','2022-09-28 08:00:00',4,19,1),(126,'2022-10-06 17:00:00','2022-10-06 18:00:00','2022-10-01 08:00:00','2022-10-05 08:00:00',4,20,1),(127,'2022-10-13 17:00:00','2022-10-13 18:00:00','2022-10-08 08:00:00','2022-10-12 08:00:00',4,21,1),(128,'2022-10-20 17:00:00','2022-10-20 18:00:00','2022-10-15 08:00:00','2022-10-19 08:00:00',4,22,1),(129,'2022-10-27 17:00:00','2022-10-27 18:00:00','2022-10-22 08:00:00','2022-10-26 08:00:00',4,23,1),(130,'2022-11-03 17:00:00','2022-11-03 18:00:00','2022-10-29 08:00:00','2022-11-02 08:00:00',4,24,1),(131,'2022-11-10 17:00:00','2022-11-10 18:00:00','2022-11-05 08:00:00','2022-11-09 08:00:00',4,25,1),(132,'2022-11-17 17:00:00','2022-11-17 18:00:00','2022-11-12 08:00:00','2022-11-16 08:00:00',4,26,1),(133,'2022-11-24 17:00:00','2022-11-24 18:00:00','2022-11-19 08:00:00','2022-11-23 08:00:00',4,27,1),(134,'2022-12-01 17:00:00','2022-12-01 18:00:00','2022-11-26 08:00:00','2022-11-30 08:00:00',4,28,1),(135,'2022-12-08 17:00:00','2022-12-08 18:00:00','2022-12-03 08:00:00','2022-12-07 08:00:00',4,29,1),(136,'2022-12-15 17:00:00','2022-12-15 18:00:00','2022-12-10 08:00:00','2022-12-14 08:00:00',4,30,1),(137,'2022-12-22 17:00:00','2022-12-22 18:00:00','2022-12-17 08:00:00','2022-12-21 08:00:00',4,31,1),(138,'2022-12-29 17:00:00','2022-12-29 18:00:00','2022-12-24 08:00:00','2022-12-28 08:00:00',4,32,1),(139,'2023-01-05 17:00:00','2023-01-05 18:00:00','2022-12-31 08:00:00','2023-01-04 08:00:00',4,33,1),(140,'2023-01-12 17:00:00','2023-01-12 18:00:00','2023-01-07 08:00:00','2023-01-11 08:00:00',4,34,1),(141,'2023-01-19 17:00:00','2023-01-19 18:00:00','2023-01-14 08:00:00','2023-01-18 08:00:00',4,35,1),(142,'2023-01-26 17:00:00','2023-01-26 18:00:00','2023-01-21 08:00:00','2023-01-25 08:00:00',4,36,1),(143,'2023-02-02 17:00:00','2023-02-02 18:00:00','2023-01-28 08:00:00','2023-02-01 08:00:00',4,37,1),(144,'2023-02-09 17:00:00','2023-02-09 18:00:00','2023-02-04 08:00:00','2023-02-08 08:00:00',4,38,1),(145,'2023-02-16 17:00:00','2023-02-16 18:00:00','2023-02-11 08:00:00','2023-02-15 08:00:00',4,39,1),(146,'2023-02-23 17:00:00','2023-02-23 18:00:00','2023-02-18 08:00:00','2023-02-22 08:00:00',4,40,1),(147,'2023-03-02 17:00:00','2023-03-02 18:00:00','2023-02-25 08:00:00','2023-03-01 08:00:00',4,41,1),(148,'2023-03-09 17:00:00','2023-03-09 18:00:00','2023-03-04 08:00:00','2023-03-08 08:00:00',4,42,1),(149,'2023-03-16 17:00:00','2023-03-16 18:00:00','2023-03-11 08:00:00','2023-03-15 08:00:00',4,43,1),(150,'2023-03-23 17:00:00','2023-03-23 18:00:00','2023-03-18 08:00:00','2023-03-22 08:00:00',4,44,1),(151,'2023-03-30 17:00:00','2023-03-30 18:00:00','2023-03-25 08:00:00','2023-03-29 08:00:00',4,45,1),(152,'2023-04-06 17:00:00','2023-04-06 18:00:00','2023-04-01 08:00:00','2023-04-05 08:00:00',4,46,1),(153,'2023-04-13 17:00:00','2023-04-13 18:00:00','2023-04-08 08:00:00','2023-04-12 08:00:00',4,47,1),(154,'2023-04-20 17:00:00','2023-04-20 18:00:00','2023-04-15 08:00:00','2023-04-19 08:00:00',4,48,1),(155,'2023-04-27 17:00:00','2023-04-27 18:00:00','2023-04-22 08:00:00','2023-04-26 08:00:00',4,49,1),(156,'2023-05-04 17:00:00','2023-05-04 18:00:00','2023-04-29 08:00:00','2023-05-03 08:00:00',4,50,1),(157,'2023-05-11 17:00:00','2023-05-11 18:00:00','2023-05-06 08:00:00','2023-05-10 08:00:00',4,51,1),(158,'2023-05-18 17:00:00','2023-05-18 18:00:00','2023-05-13 08:00:00','2023-05-17 08:00:00',4,52,1),(159,'2023-05-25 17:00:00','2023-05-25 18:00:00','2023-05-20 08:00:00','2023-05-24 08:00:00',4,53,1),(160,'2022-05-26 17:00:00','2022-05-26 18:00:00','2022-05-21 08:00:00','2022-05-25 08:00:00',3,1,1),(161,'2022-06-02 17:00:00','2022-06-02 18:00:00','2022-05-28 08:00:00','2022-06-01 08:00:00',3,2,1),(162,'2022-06-09 17:00:00','2022-06-09 18:00:00','2022-06-04 08:00:00','2022-06-08 08:00:00',3,3,1),(163,'2022-06-16 17:00:00','2022-06-16 18:00:00','2022-06-11 08:00:00','2022-06-15 08:00:00',3,4,1),(164,'2022-06-23 17:00:00','2022-06-23 18:00:00','2022-06-18 08:00:00','2022-06-22 08:00:00',3,5,1),(165,'2022-06-30 17:00:00','2022-06-30 18:00:00','2022-06-25 08:00:00','2022-06-29 08:00:00',3,6,1),(166,'2022-07-07 17:00:00','2022-07-07 18:00:00','2022-07-02 08:00:00','2022-07-06 08:00:00',3,7,1),(167,'2022-07-14 17:00:00','2022-07-14 18:00:00','2022-07-09 08:00:00','2022-07-13 08:00:00',3,8,1),(168,'2022-07-21 17:00:00','2022-07-21 18:00:00','2022-07-16 08:00:00','2022-07-20 08:00:00',3,9,1),(169,'2022-07-28 17:00:00','2022-07-28 18:00:00','2022-07-23 08:00:00','2022-07-27 08:00:00',3,10,1),(170,'2022-08-04 17:00:00','2022-08-04 18:00:00','2022-07-30 08:00:00','2022-08-03 08:00:00',3,11,1),(171,'2022-08-11 17:00:00','2022-08-11 18:00:00','2022-08-06 08:00:00','2022-08-10 08:00:00',3,12,1),(172,'2022-08-18 17:00:00','2022-08-18 18:00:00','2022-08-13 08:00:00','2022-08-17 08:00:00',3,13,1),(173,'2022-08-25 17:00:00','2022-08-25 18:00:00','2022-08-20 08:00:00','2022-08-24 08:00:00',3,14,1),(174,'2022-09-01 17:00:00','2022-09-01 18:00:00','2022-08-27 08:00:00','2022-08-31 08:00:00',3,15,1),(175,'2022-09-08 17:00:00','2022-09-08 18:00:00','2022-09-03 08:00:00','2022-09-07 08:00:00',3,16,1),(176,'2022-09-15 17:00:00','2022-09-15 18:00:00','2022-09-10 08:00:00','2022-09-14 08:00:00',3,17,1),(177,'2022-09-22 17:00:00','2022-09-22 18:00:00','2022-09-17 08:00:00','2022-09-21 08:00:00',3,18,1),(178,'2022-09-29 17:00:00','2022-09-29 18:00:00','2022-09-24 08:00:00','2022-09-28 08:00:00',3,19,1),(179,'2022-10-06 17:00:00','2022-10-06 18:00:00','2022-10-01 08:00:00','2022-10-05 08:00:00',3,20,1),(180,'2022-10-13 17:00:00','2022-10-13 18:00:00','2022-10-08 08:00:00','2022-10-12 08:00:00',3,21,1),(181,'2022-10-20 17:00:00','2022-10-20 18:00:00','2022-10-15 08:00:00','2022-10-19 08:00:00',3,22,1),(182,'2022-10-27 17:00:00','2022-10-27 18:00:00','2022-10-22 08:00:00','2022-10-26 08:00:00',3,23,1),(183,'2022-11-03 17:00:00','2022-11-03 18:00:00','2022-10-29 08:00:00','2022-11-02 08:00:00',3,24,1),(184,'2022-11-10 17:00:00','2022-11-10 18:00:00','2022-11-05 08:00:00','2022-11-09 08:00:00',3,25,1),(185,'2022-11-17 17:00:00','2022-11-17 18:00:00','2022-11-12 08:00:00','2022-11-16 08:00:00',3,26,1),(186,'2022-11-24 17:00:00','2022-11-24 18:00:00','2022-11-19 08:00:00','2022-11-23 08:00:00',3,27,1),(187,'2022-12-01 17:00:00','2022-12-01 18:00:00','2022-11-26 08:00:00','2022-11-30 08:00:00',3,28,1),(188,'2022-12-08 17:00:00','2022-12-08 18:00:00','2022-12-03 08:00:00','2022-12-07 08:00:00',3,29,1),(189,'2022-12-15 17:00:00','2022-12-15 18:00:00','2022-12-10 08:00:00','2022-12-14 08:00:00',3,30,1),(190,'2022-12-22 17:00:00','2022-12-22 18:00:00','2022-12-17 08:00:00','2022-12-21 08:00:00',3,31,1),(191,'2022-12-29 17:00:00','2022-12-29 18:00:00','2022-12-24 08:00:00','2022-12-28 08:00:00',3,32,1),(192,'2023-01-05 17:00:00','2023-01-05 18:00:00','2022-12-31 08:00:00','2023-01-04 08:00:00',3,33,1),(193,'2023-01-12 17:00:00','2023-01-12 18:00:00','2023-01-07 08:00:00','2023-01-11 08:00:00',3,34,1),(194,'2023-01-19 17:00:00','2023-01-19 18:00:00','2023-01-14 08:00:00','2023-01-18 08:00:00',3,35,1),(195,'2023-01-26 17:00:00','2023-01-26 18:00:00','2023-01-21 08:00:00','2023-01-25 08:00:00',3,36,1),(196,'2023-02-02 17:00:00','2023-02-02 18:00:00','2023-01-28 08:00:00','2023-02-01 08:00:00',3,37,1),(197,'2023-02-09 17:00:00','2023-02-09 18:00:00','2023-02-04 08:00:00','2023-02-08 08:00:00',3,38,1),(198,'2023-02-16 17:00:00','2023-02-16 18:00:00','2023-02-11 08:00:00','2023-02-15 08:00:00',3,39,1),(199,'2023-02-23 17:00:00','2023-02-23 18:00:00','2023-02-18 08:00:00','2023-02-22 08:00:00',3,40,1),(200,'2023-03-02 17:00:00','2023-03-02 18:00:00','2023-02-25 08:00:00','2023-03-01 08:00:00',3,41,1),(201,'2023-03-09 17:00:00','2023-03-09 18:00:00','2023-03-04 08:00:00','2023-03-08 08:00:00',3,42,1),(202,'2023-03-16 17:00:00','2023-03-16 18:00:00','2023-03-11 08:00:00','2023-03-15 08:00:00',3,43,1),(203,'2023-03-23 17:00:00','2023-03-23 18:00:00','2023-03-18 08:00:00','2023-03-22 08:00:00',3,44,1),(204,'2023-03-30 17:00:00','2023-03-30 18:00:00','2023-03-25 08:00:00','2023-03-29 08:00:00',3,45,1),(205,'2023-04-06 17:00:00','2023-04-06 18:00:00','2023-04-01 08:00:00','2023-04-05 08:00:00',3,46,1),(206,'2023-04-13 17:00:00','2023-04-13 18:00:00','2023-04-08 08:00:00','2023-04-12 08:00:00',3,47,1),(207,'2023-04-20 17:00:00','2023-04-20 18:00:00','2023-04-15 08:00:00','2023-04-19 08:00:00',3,48,1),(208,'2023-04-27 17:00:00','2023-04-27 18:00:00','2023-04-22 08:00:00','2023-04-26 08:00:00',3,49,1),(209,'2023-05-04 17:00:00','2023-05-04 18:00:00','2023-04-29 08:00:00','2023-05-03 08:00:00',3,50,1),(210,'2023-05-11 17:00:00','2023-05-11 18:00:00','2023-05-06 08:00:00','2023-05-10 08:00:00',3,51,1),(211,'2023-05-18 17:00:00','2023-05-18 18:00:00','2023-05-13 08:00:00','2023-05-17 08:00:00',3,52,1),(212,'2023-05-25 17:00:00','2023-05-25 18:00:00','2023-05-20 08:00:00','2023-05-24 08:00:00',3,53,1),(213,'2022-05-26 17:00:00','2022-05-26 18:00:00','2022-05-21 08:00:00','2022-05-25 08:00:00',2,1,1),(214,'2022-06-02 17:00:00','2022-06-02 18:00:00','2022-05-28 08:00:00','2022-06-01 08:00:00',2,2,1),(215,'2022-06-09 17:00:00','2022-06-09 18:00:00','2022-06-04 08:00:00','2022-06-08 08:00:00',2,3,1),(216,'2022-06-16 17:00:00','2022-06-16 18:00:00','2022-06-11 08:00:00','2022-06-15 08:00:00',2,4,1),(217,'2022-06-23 17:00:00','2022-06-23 18:00:00','2022-06-18 08:00:00','2022-06-22 08:00:00',2,5,1),(218,'2022-06-30 17:00:00','2022-06-30 18:00:00','2022-06-25 08:00:00','2022-06-29 08:00:00',2,6,1),(219,'2022-07-07 17:00:00','2022-07-07 18:00:00','2022-07-02 08:00:00','2022-07-06 08:00:00',2,7,1),(220,'2022-07-14 17:00:00','2022-07-14 18:00:00','2022-07-09 08:00:00','2022-07-13 08:00:00',2,8,1),(221,'2022-07-21 17:00:00','2022-07-21 18:00:00','2022-07-16 08:00:00','2022-07-20 08:00:00',2,9,1),(222,'2022-07-28 17:00:00','2022-07-28 18:00:00','2022-07-23 08:00:00','2022-07-27 08:00:00',2,10,1),(223,'2022-08-04 17:00:00','2022-08-04 18:00:00','2022-07-30 08:00:00','2022-08-03 08:00:00',2,11,1),(224,'2022-08-11 17:00:00','2022-08-11 18:00:00','2022-08-06 08:00:00','2022-08-10 08:00:00',2,12,1),(225,'2022-08-18 17:00:00','2022-08-18 18:00:00','2022-08-13 08:00:00','2022-08-17 08:00:00',2,13,1),(226,'2022-08-25 17:00:00','2022-08-25 18:00:00','2022-08-20 08:00:00','2022-08-24 08:00:00',2,14,1),(227,'2022-09-01 17:00:00','2022-09-01 18:00:00','2022-08-27 08:00:00','2022-08-31 08:00:00',2,15,1),(228,'2022-09-08 17:00:00','2022-09-08 18:00:00','2022-09-03 08:00:00','2022-09-07 08:00:00',2,16,1),(229,'2022-09-15 17:00:00','2022-09-15 18:00:00','2022-09-10 08:00:00','2022-09-14 08:00:00',2,17,1),(230,'2022-09-22 17:00:00','2022-09-22 18:00:00','2022-09-17 08:00:00','2022-09-21 08:00:00',2,18,1),(231,'2022-09-29 17:00:00','2022-09-29 18:00:00','2022-09-24 08:00:00','2022-09-28 08:00:00',2,19,1),(232,'2022-10-06 17:00:00','2022-10-06 18:00:00','2022-10-01 08:00:00','2022-10-05 08:00:00',2,20,1),(233,'2022-10-13 17:00:00','2022-10-13 18:00:00','2022-10-08 08:00:00','2022-10-12 08:00:00',2,21,1),(234,'2022-10-20 17:00:00','2022-10-20 18:00:00','2022-10-15 08:00:00','2022-10-19 08:00:00',2,22,1),(235,'2022-10-27 17:00:00','2022-10-27 18:00:00','2022-10-22 08:00:00','2022-10-26 08:00:00',2,23,1),(236,'2022-11-03 17:00:00','2022-11-03 18:00:00','2022-10-29 08:00:00','2022-11-02 08:00:00',2,24,1),(237,'2022-11-10 17:00:00','2022-11-10 18:00:00','2022-11-05 08:00:00','2022-11-09 08:00:00',2,25,1),(238,'2022-11-17 17:00:00','2022-11-17 18:00:00','2022-11-12 08:00:00','2022-11-16 08:00:00',2,26,1),(239,'2022-11-24 17:00:00','2022-11-24 18:00:00','2022-11-19 08:00:00','2022-11-23 08:00:00',2,27,1),(240,'2022-12-01 17:00:00','2022-12-01 18:00:00','2022-11-26 08:00:00','2022-11-30 08:00:00',2,28,1),(241,'2022-12-08 17:00:00','2022-12-08 18:00:00','2022-12-03 08:00:00','2022-12-07 08:00:00',2,29,1),(242,'2022-12-15 17:00:00','2022-12-15 18:00:00','2022-12-10 08:00:00','2022-12-14 08:00:00',2,30,1),(243,'2022-12-22 17:00:00','2022-12-22 18:00:00','2022-12-17 08:00:00','2022-12-21 08:00:00',2,31,1),(244,'2022-12-29 17:00:00','2022-12-29 18:00:00','2022-12-24 08:00:00','2022-12-28 08:00:00',2,32,1),(245,'2023-01-05 17:00:00','2023-01-05 18:00:00','2022-12-31 08:00:00','2023-01-04 08:00:00',2,33,1),(246,'2023-01-12 17:00:00','2023-01-12 18:00:00','2023-01-07 08:00:00','2023-01-11 08:00:00',2,34,1),(247,'2023-01-19 17:00:00','2023-01-19 18:00:00','2023-01-14 08:00:00','2023-01-18 08:00:00',2,35,1),(248,'2023-01-26 17:00:00','2023-01-26 18:00:00','2023-01-21 08:00:00','2023-01-25 08:00:00',2,36,1),(249,'2023-02-02 17:00:00','2023-02-02 18:00:00','2023-01-28 08:00:00','2023-02-01 08:00:00',2,37,1),(250,'2023-02-09 17:00:00','2023-02-09 18:00:00','2023-02-04 08:00:00','2023-02-08 08:00:00',2,38,1),(251,'2023-02-16 17:00:00','2023-02-16 18:00:00','2023-02-11 08:00:00','2023-02-15 08:00:00',2,39,1),(252,'2023-02-23 17:00:00','2023-02-23 18:00:00','2023-02-18 08:00:00','2023-02-22 08:00:00',2,40,1),(253,'2023-03-02 17:00:00','2023-03-02 18:00:00','2023-02-25 08:00:00','2023-03-01 08:00:00',2,41,1),(254,'2023-03-09 17:00:00','2023-03-09 18:00:00','2023-03-04 08:00:00','2023-03-08 08:00:00',2,42,1),(255,'2023-03-16 17:00:00','2023-03-16 18:00:00','2023-03-11 08:00:00','2023-03-15 08:00:00',2,43,1),(256,'2023-03-23 17:00:00','2023-03-23 18:00:00','2023-03-18 08:00:00','2023-03-22 08:00:00',2,44,1),(257,'2023-03-30 17:00:00','2023-03-30 18:00:00','2023-03-25 08:00:00','2023-03-29 08:00:00',2,45,1),(258,'2023-04-06 17:00:00','2023-04-06 18:00:00','2023-04-01 08:00:00','2023-04-05 08:00:00',2,46,1),(259,'2023-04-13 17:00:00','2023-04-13 18:00:00','2023-04-08 08:00:00','2023-04-12 08:00:00',2,47,1),(260,'2023-04-20 17:00:00','2023-04-20 18:00:00','2023-04-15 08:00:00','2023-04-19 08:00:00',2,48,1),(261,'2023-04-27 17:00:00','2023-04-27 18:00:00','2023-04-22 08:00:00','2023-04-26 08:00:00',2,49,1),(262,'2023-05-04 17:00:00','2023-05-04 18:00:00','2023-04-29 08:00:00','2023-05-03 08:00:00',2,50,1),(263,'2023-05-11 17:00:00','2023-05-11 18:00:00','2023-05-06 08:00:00','2023-05-10 08:00:00',2,51,1),(264,'2023-05-18 17:00:00','2023-05-18 18:00:00','2023-05-13 08:00:00','2023-05-17 08:00:00',2,52,1),(265,'2023-05-25 17:00:00','2023-05-25 18:00:00','2023-05-20 08:00:00','2023-05-24 08:00:00',2,53,1),(266,'2022-05-26 17:00:00','2022-05-26 18:00:00','2022-05-21 08:00:00','2022-05-25 08:00:00',1,1,1),(267,'2022-06-02 17:00:00','2022-06-02 18:00:00','2022-05-28 08:00:00','2022-06-01 08:00:00',1,2,1),(268,'2022-06-09 17:00:00','2022-06-09 18:00:00','2022-06-04 08:00:00','2022-06-08 08:00:00',1,3,1),(269,'2022-06-16 17:00:00','2022-06-16 18:00:00','2022-06-11 08:00:00','2022-06-15 08:00:00',1,4,1),(270,'2022-06-23 17:00:00','2022-06-23 18:00:00','2022-06-18 08:00:00','2022-06-22 08:00:00',1,5,1),(271,'2022-06-30 17:00:00','2022-06-30 18:00:00','2022-06-25 08:00:00','2022-06-29 08:00:00',1,6,1),(272,'2022-07-07 17:00:00','2022-07-07 18:00:00','2022-07-02 08:00:00','2022-07-06 08:00:00',1,7,1),(273,'2022-07-14 17:00:00','2022-07-14 18:00:00','2022-07-09 08:00:00','2022-07-13 08:00:00',1,8,1),(274,'2022-07-21 17:00:00','2022-07-21 18:00:00','2022-07-16 08:00:00','2022-07-20 08:00:00',1,9,1),(275,'2022-07-28 17:00:00','2022-07-28 18:00:00','2022-07-23 08:00:00','2022-07-27 08:00:00',1,10,1),(276,'2022-08-04 17:00:00','2022-08-04 18:00:00','2022-07-30 08:00:00','2022-08-03 08:00:00',1,11,1),(277,'2022-08-11 17:00:00','2022-08-11 18:00:00','2022-08-06 08:00:00','2022-08-10 08:00:00',1,12,1),(278,'2022-08-18 17:00:00','2022-08-18 18:00:00','2022-08-13 08:00:00','2022-08-17 08:00:00',1,13,1),(279,'2022-08-25 17:00:00','2022-08-25 18:00:00','2022-08-20 08:00:00','2022-08-24 08:00:00',1,14,1),(280,'2022-09-01 17:00:00','2022-09-01 18:00:00','2022-08-27 08:00:00','2022-08-31 08:00:00',1,15,1),(281,'2022-09-08 17:00:00','2022-09-08 18:00:00','2022-09-03 08:00:00','2022-09-07 08:00:00',1,16,1),(282,'2022-09-15 17:00:00','2022-09-15 18:00:00','2022-09-10 08:00:00','2022-09-14 08:00:00',1,17,1),(283,'2022-09-22 17:00:00','2022-09-22 18:00:00','2022-09-17 08:00:00','2022-09-21 08:00:00',1,18,1),(284,'2022-09-29 17:00:00','2022-09-29 18:00:00','2022-09-24 08:00:00','2022-09-28 08:00:00',1,19,1),(285,'2022-10-06 17:00:00','2022-10-06 18:00:00','2022-10-01 08:00:00','2022-10-05 08:00:00',1,20,1),(286,'2022-10-13 17:00:00','2022-10-13 18:00:00','2022-10-08 08:00:00','2022-10-12 08:00:00',1,21,1),(287,'2022-10-20 17:00:00','2022-10-20 18:00:00','2022-10-15 08:00:00','2022-10-19 08:00:00',1,22,1),(288,'2022-10-27 17:00:00','2022-10-27 18:00:00','2022-10-22 08:00:00','2022-10-26 08:00:00',1,23,1),(289,'2022-11-03 17:00:00','2022-11-03 18:00:00','2022-10-29 08:00:00','2022-11-02 08:00:00',1,24,1),(290,'2022-11-10 17:00:00','2022-11-10 18:00:00','2022-11-05 08:00:00','2022-11-09 08:00:00',1,25,1),(291,'2022-11-17 17:00:00','2022-11-17 18:00:00','2022-11-12 08:00:00','2022-11-16 08:00:00',1,26,1),(292,'2022-11-24 17:00:00','2022-11-24 18:00:00','2022-11-19 08:00:00','2022-11-23 08:00:00',1,27,1),(293,'2022-12-01 17:00:00','2022-12-01 18:00:00','2022-11-26 08:00:00','2022-11-30 08:00:00',1,28,1),(294,'2022-12-08 17:00:00','2022-12-08 18:00:00','2022-12-03 08:00:00','2022-12-07 08:00:00',1,29,1),(295,'2022-12-15 17:00:00','2022-12-15 18:00:00','2022-12-10 08:00:00','2022-12-14 08:00:00',1,30,1),(296,'2022-12-22 17:00:00','2022-12-22 18:00:00','2022-12-17 08:00:00','2022-12-21 08:00:00',1,31,1),(297,'2022-12-29 17:00:00','2022-12-29 18:00:00','2022-12-24 08:00:00','2022-12-28 08:00:00',1,32,1),(298,'2023-01-05 17:00:00','2023-01-05 18:00:00','2022-12-31 08:00:00','2023-01-04 08:00:00',1,33,1),(299,'2023-01-12 17:00:00','2023-01-12 18:00:00','2023-01-07 08:00:00','2023-01-11 08:00:00',1,34,1),(300,'2023-01-19 17:00:00','2023-01-19 18:00:00','2023-01-14 08:00:00','2023-01-18 08:00:00',1,35,1),(301,'2023-01-26 17:00:00','2023-01-26 18:00:00','2023-01-21 08:00:00','2023-01-25 08:00:00',1,36,1),(302,'2023-02-02 17:00:00','2023-02-02 18:00:00','2023-01-28 08:00:00','2023-02-01 08:00:00',1,37,1),(303,'2023-02-09 17:00:00','2023-02-09 18:00:00','2023-02-04 08:00:00','2023-02-08 08:00:00',1,38,1),(304,'2023-02-16 17:00:00','2023-02-16 18:00:00','2023-02-11 08:00:00','2023-02-15 08:00:00',1,39,1),(305,'2023-02-23 17:00:00','2023-02-23 18:00:00','2023-02-18 08:00:00','2023-02-22 08:00:00',1,40,1),(306,'2023-03-02 17:00:00','2023-03-02 18:00:00','2023-02-25 08:00:00','2023-03-01 08:00:00',1,41,1),(307,'2023-03-09 17:00:00','2023-03-09 18:00:00','2023-03-04 08:00:00','2023-03-08 08:00:00',1,42,1),(308,'2023-03-16 17:00:00','2023-03-16 18:00:00','2023-03-11 08:00:00','2023-03-15 08:00:00',1,43,1),(309,'2023-03-23 17:00:00','2023-03-23 18:00:00','2023-03-18 08:00:00','2023-03-22 08:00:00',1,44,1),(310,'2023-03-30 17:00:00','2023-03-30 18:00:00','2023-03-25 08:00:00','2023-03-29 08:00:00',1,45,1),(311,'2023-04-06 17:00:00','2023-04-06 18:00:00','2023-04-01 08:00:00','2023-04-05 08:00:00',1,46,1),(312,'2023-04-13 17:00:00','2023-04-13 18:00:00','2023-04-08 08:00:00','2023-04-12 08:00:00',1,47,1),(313,'2023-04-20 17:00:00','2023-04-20 18:00:00','2023-04-15 08:00:00','2023-04-19 08:00:00',1,48,1),(314,'2023-04-27 17:00:00','2023-04-27 18:00:00','2023-04-22 08:00:00','2023-04-26 08:00:00',1,49,1),(315,'2023-05-04 17:00:00','2023-05-04 18:00:00','2023-04-29 08:00:00','2023-05-03 08:00:00',1,50,1),(316,'2023-05-11 17:00:00','2023-05-11 18:00:00','2023-05-06 08:00:00','2023-05-10 08:00:00',1,51,1),(317,'2023-05-18 17:00:00','2023-05-18 18:00:00','2023-05-13 08:00:00','2023-05-17 08:00:00',1,52,1),(318,'2023-05-25 17:00:00','2023-05-25 18:00:00','2023-05-20 08:00:00','2023-05-24 08:00:00',1,53,1);
/*!40000 ALTER TABLE `Distribution` ENABLE KEYS */;
UNLOCK TABLES;

--
-- Table structure for table `DistributionCycle`
--

DROP TABLE IF EXISTS `DistributionCycle`;
/*!40101 SET @saved_cs_client     = @@character_set_client */;
/*!40101 SET character_set_client = utf8 */;
CREATE TABLE `DistributionCycle` (
  `id` int(11) NOT NULL AUTO_INCREMENT,
  `cycleType` tinyint(3) unsigned NOT NULL,
  `startDate` date NOT NULL,
  `endDate` date NOT NULL,
  `startHour` datetime NOT NULL,
  `endHour` datetime NOT NULL,
  `daysBeforeOrderStart` tinyint(4) DEFAULT NULL,
  `daysBeforeOrderEnd` tinyint(4) DEFAULT NULL,
  `openingHour` date DEFAULT NULL,
  `closingHour` date DEFAULT NULL,
  `groupId` int(11) NOT NULL,
  `placeId` int(11) NOT NULL,
  PRIMARY KEY (`id`),
  KEY `DistributionCycle_group` (`groupId`),
  KEY `DistributionCycle_place` (`placeId`),
  CONSTRAINT `DistributionCycle_group` FOREIGN KEY (`groupId`) REFERENCES `Group` (`id`) ON DELETE CASCADE,
  CONSTRAINT `DistributionCycle_place` FOREIGN KEY (`placeId`) REFERENCES `Place` (`id`) ON DELETE CASCADE
) ENGINE=InnoDB AUTO_INCREMENT=2 DEFAULT CHARSET=utf8;
/*!40101 SET character_set_client = @saved_cs_client */;

--
-- Dumping data for table `DistributionCycle`
--

LOCK TABLES `DistributionCycle` WRITE;
/*!40000 ALTER TABLE `DistributionCycle` DISABLE KEYS */;
INSERT INTO `DistributionCycle` VALUES (1,0,'2022-05-26','2027-06-25','2022-05-04 17:00:00','2022-05-04 18:00:00',5,1,'2022-05-04','2022-05-04',1,1);
/*!40000 ALTER TABLE `DistributionCycle` ENABLE KEYS */;
UNLOCK TABLES;

--
-- Table structure for table `EntityFile`
--

DROP TABLE IF EXISTS `EntityFile`;
/*!40101 SET @saved_cs_client     = @@character_set_client */;
/*!40101 SET character_set_client = utf8 */;
CREATE TABLE `EntityFile` (
  `id` int(11) NOT NULL AUTO_INCREMENT,
  `entityType` varchar(64) NOT NULL,
  `documentType` varchar(64) NOT NULL,
  `data` varchar(128) DEFAULT NULL,
  `entityId` int(11) NOT NULL,
  `fileId` int(11) NOT NULL,
  PRIMARY KEY (`id`),
  KEY `EntityFile_fileId_entityType_entityId` (`fileId`,`entityType`,`entityId`),
  CONSTRAINT `EntityFile_file` FOREIGN KEY (`fileId`) REFERENCES `File` (`id`) ON DELETE CASCADE
) ENGINE=InnoDB DEFAULT CHARSET=utf8;
/*!40101 SET character_set_client = @saved_cs_client */;

--
-- Dumping data for table `EntityFile`
--

LOCK TABLES `EntityFile` WRITE;
/*!40000 ALTER TABLE `EntityFile` DISABLE KEYS */;
/*!40000 ALTER TABLE `EntityFile` ENABLE KEYS */;
UNLOCK TABLES;

--
-- Table structure for table `Error`
--

DROP TABLE IF EXISTS `Error`;
/*!40101 SET @saved_cs_client     = @@character_set_client */;
/*!40101 SET character_set_client = utf8 */;
CREATE TABLE `Error` (
  `id` int(11) NOT NULL AUTO_INCREMENT,
  `date` datetime NOT NULL,
  `error` mediumtext NOT NULL,
  `ip` varchar(15) DEFAULT NULL,
  `userAgent` varchar(256) DEFAULT NULL,
  `url` tinytext,
  `uid` int(11) DEFAULT NULL,
  PRIMARY KEY (`id`),
  KEY `Error_date` (`date`),
  KEY `Error_user` (`uid`),
  CONSTRAINT `Error_user` FOREIGN KEY (`uid`) REFERENCES `User` (`id`) ON DELETE SET NULL
) ENGINE=InnoDB AUTO_INCREMENT=2 DEFAULT CHARSET=utf8;
/*!40101 SET character_set_client = @saved_cs_client */;

--
-- Dumping data for table `Error`
--

LOCK TABLES `Error` WRITE;
/*!40000 ALTER TABLE `Error` DISABLE KEYS */;
INSERT INTO `Error` VALUES (1,'2022-05-26 09:36:53','DEInvalidValue\n\nCalled from haxe/web/Dispatch.hx line 208\nCalled from haxe/web/Dispatch.hx line 237\nCalled from haxe/web/Dispatch.hx line 242\nCalled from haxe/web/Dispatch.hx line 127\nCalled from sugoi/BaseApp.hx line 243\nCalled from sugoi/BaseApp.hx line 250\nCalled from a C function\nCalled from App.hx line 59\nCalled from sugoi/BaseApp.hx line 403\nCalled from sys/db/Transaction.hx line 32\n','172.29.0.1','Mozilla/5.0 (X11; Linux x86_64) AppleWebKit/537.36 (KHTML, like Gecko) Chrome/101.0.4951.64 Safari/537.36','/shop2/11',NULL);
/*!40000 ALTER TABLE `Error` ENABLE KEYS */;
UNLOCK TABLES;

--
-- Table structure for table `File`
--

DROP TABLE IF EXISTS `File`;
/*!40101 SET @saved_cs_client     = @@character_set_client */;
/*!40101 SET character_set_client = utf8 */;
CREATE TABLE `File` (
  `id` int(11) NOT NULL AUTO_INCREMENT,
  `name` tinytext NOT NULL,
  `cdate` datetime NOT NULL,
  `data` mediumblob NOT NULL,
  PRIMARY KEY (`id`),
  KEY `File_cdate` (`cdate`)
) ENGINE=InnoDB DEFAULT CHARSET=utf8;
/*!40101 SET character_set_client = @saved_cs_client */;

--
-- Dumping data for table `File`
--

LOCK TABLES `File` WRITE;
/*!40000 ALTER TABLE `File` DISABLE KEYS */;
/*!40000 ALTER TABLE `File` ENABLE KEYS */;
UNLOCK TABLES;

--
-- Table structure for table `Graph`
--

DROP TABLE IF EXISTS `Graph`;
/*!40101 SET @saved_cs_client     = @@character_set_client */;
/*!40101 SET character_set_client = utf8 */;
CREATE TABLE `Graph` (
  `key` varchar(128) NOT NULL,
  `date` date NOT NULL,
  `value` double NOT NULL,
  PRIMARY KEY (`key`,`date`)
) ENGINE=InnoDB DEFAULT CHARSET=utf8;
/*!40101 SET character_set_client = @saved_cs_client */;

--
-- Dumping data for table `Graph`
--

LOCK TABLES `Graph` WRITE;
/*!40000 ALTER TABLE `Graph` DISABLE KEYS */;
/*!40000 ALTER TABLE `Graph` ENABLE KEYS */;
UNLOCK TABLES;

--
-- Table structure for table `Group`
--

DROP TABLE IF EXISTS `Group`;
/*!40101 SET @saved_cs_client     = @@character_set_client */;
/*!40101 SET character_set_client = utf8 */;
CREATE TABLE `Group` (
  `id` int(11) NOT NULL AUTO_INCREMENT,
  `name` varchar(64) NOT NULL,
  `txtIntro` mediumtext,
  `txtHome` mediumtext,
  `txtDistrib` mediumtext,
  `extUrl` varchar(64) DEFAULT NULL,
  `membershipRenewalDate` date DEFAULT NULL,
  `membershipFee` tinyint(4) DEFAULT NULL,
  `vatRates` mediumblob NOT NULL,
  `flags` int(11) NOT NULL,
  `betaFlags` int(11) NOT NULL,
  `hasMembership` tinyint(1) NOT NULL,
  `groupType` tinyint(3) unsigned DEFAULT NULL,
  `cdate` datetime NOT NULL,
  `regOption` tinyint(3) unsigned NOT NULL,
  `currency` varchar(12) NOT NULL,
  `currencyCode` varchar(3) NOT NULL,
  `allowedPaymentsType` mediumblob,
  `checkOrder` varchar(64) DEFAULT NULL,
  `IBAN` varchar(40) DEFAULT NULL,
  `allowMoneyPotWithNegativeBalance` tinyint(1) DEFAULT NULL,
  `volunteersMailDaysBeforeDutyPeriod` tinyint(4) NOT NULL,
  `volunteersMailContent` mediumtext NOT NULL,
  `vacantVolunteerRolesMailDaysBeforeDutyPeriod` tinyint(4) NOT NULL,
  `daysBeforeDutyPeriodsOpen` int(11) NOT NULL,
  `alertMailContent` mediumtext NOT NULL,
  `userId` int(11) DEFAULT NULL,
  `imageId` int(11) DEFAULT NULL,
  `placeId` int(11) DEFAULT NULL,
  `legalReprId` int(11) DEFAULT NULL,
  PRIMARY KEY (`id`),
  KEY `Group_contact` (`userId`),
  KEY `Group_image` (`imageId`),
  KEY `Group_mainPlace` (`placeId`),
  KEY `Group_legalRepresentative` (`legalReprId`),
  CONSTRAINT `Group_contact` FOREIGN KEY (`userId`) REFERENCES `User` (`id`) ON DELETE SET NULL,
  CONSTRAINT `Group_image` FOREIGN KEY (`imageId`) REFERENCES `File` (`id`) ON DELETE SET NULL,
  CONSTRAINT `Group_legalRepresentative` FOREIGN KEY (`legalReprId`) REFERENCES `User` (`id`) ON DELETE SET NULL,
  CONSTRAINT `Group_mainPlace` FOREIGN KEY (`placeId`) REFERENCES `Place` (`id`) ON DELETE SET NULL
) ENGINE=InnoDB AUTO_INCREMENT=2 DEFAULT CHARSET=utf8;
/*!40101 SET character_set_client = @saved_cs_client */;

--
-- Dumping data for table `Group`
--

LOCK TABLES `Group` WRITE;
/*!40000 ALTER TABLE `Group` DISABLE KEYS */;
INSERT INTO `Group` VALUES (1,'Alterconso du Val de Brenne',NULL,'Bienvenue au sein du groupe Alterconso du Val de Brenne!\n\n Vous pouvez consulter le planning des distributions ou passer dès maintenant une nouvelle commande.',NULL,NULL,NULL,NULL,_binary 'by5:20%25i20y8:5%2C5%25d5.5h',18,1,1,NULL,'2022-04-13 09:30:56',1,'€','EUR',NULL,'',NULL,NULL,4,'<b>Rappel : Vous êtes inscrit(e) à la permanence du [DATE_DISTRIBUTION],</b><br/>\n		Lieu de distribution : [LIEU_DISTRIBUTION]<br/>\n		<br/>\n		Voici la liste des bénévoles inscrits :<br/>\n		[LISTE_BENEVOLES]<br/>',7,60,'Nous avons besoin de <b>bénévoles pour la permanence du [DATE_DISTRIBUTION]</b><br/>\n		Lieu de distribution : [LIEU_DISTRIBUTION]<br/>\n		Les rôles suivants sont à pourvoir :<br/>\n		[ROLES_MANQUANTS]<br/>\n		Cliquez sur \"calendrier des permanences\" pour vous inscrire !',1,NULL,1,1);
/*!40000 ALTER TABLE `Group` ENABLE KEYS */;
UNLOCK TABLES;

--
-- Table structure for table `Membership`
--

DROP TABLE IF EXISTS `Membership`;
/*!40101 SET @saved_cs_client     = @@character_set_client */;
/*!40101 SET character_set_client = utf8 */;
CREATE TABLE `Membership` (
  `amount` double NOT NULL,
  `year` int(11) NOT NULL,
  `date` date DEFAULT NULL,
  `groupId` int(11) NOT NULL,
  `userId` int(11) NOT NULL,
  `distributionId` int(11) DEFAULT NULL,
  `operationId` int(11) DEFAULT NULL,
  PRIMARY KEY (`userId`,`groupId`,`year`),
  KEY `Membership_group` (`groupId`),
  KEY `Membership_distribution` (`distributionId`),
  KEY `Membership_operation` (`operationId`),
  CONSTRAINT `Membership_distribution` FOREIGN KEY (`distributionId`) REFERENCES `MultiDistrib` (`id`) ON DELETE SET NULL,
  CONSTRAINT `Membership_group` FOREIGN KEY (`groupId`) REFERENCES `Group` (`id`) ON DELETE CASCADE,
  CONSTRAINT `Membership_operation` FOREIGN KEY (`operationId`) REFERENCES `Operation` (`id`) ON DELETE SET NULL,
  CONSTRAINT `Membership_user` FOREIGN KEY (`userId`) REFERENCES `User` (`id`) ON DELETE CASCADE
) ENGINE=InnoDB DEFAULT CHARSET=utf8;
/*!40101 SET character_set_client = @saved_cs_client */;

--
-- Dumping data for table `Membership`
--

LOCK TABLES `Membership` WRITE;
/*!40000 ALTER TABLE `Membership` DISABLE KEYS */;
/*!40000 ALTER TABLE `Membership` ENABLE KEYS */;
UNLOCK TABLES;

--
-- Table structure for table `Message`
--

DROP TABLE IF EXISTS `Message`;
/*!40101 SET @saved_cs_client     = @@character_set_client */;
/*!40101 SET character_set_client = utf8 */;
CREATE TABLE `Message` (
  `id` int(11) NOT NULL AUTO_INCREMENT,
  `recipientListId` varchar(12) DEFAULT NULL,
  `recipients` mediumblob,
  `title` varchar(128) NOT NULL,
  `body` mediumtext NOT NULL,
  `date` datetime NOT NULL,
  `amapId` int(11) DEFAULT NULL,
  `senderId` int(11) DEFAULT NULL,
  PRIMARY KEY (`id`),
  KEY `Message_amap` (`amapId`),
  KEY `Message_sender` (`senderId`),
  CONSTRAINT `Message_amap` FOREIGN KEY (`amapId`) REFERENCES `Group` (`id`) ON DELETE SET NULL,
  CONSTRAINT `Message_sender` FOREIGN KEY (`senderId`) REFERENCES `User` (`id`) ON DELETE SET NULL
) ENGINE=InnoDB DEFAULT CHARSET=utf8;
/*!40101 SET character_set_client = @saved_cs_client */;

--
-- Dumping data for table `Message`
--

LOCK TABLES `Message` WRITE;
/*!40000 ALTER TABLE `Message` DISABLE KEYS */;
/*!40000 ALTER TABLE `Message` ENABLE KEYS */;
UNLOCK TABLES;

--
-- Table structure for table `MultiDistrib`
--

DROP TABLE IF EXISTS `MultiDistrib`;
/*!40101 SET @saved_cs_client     = @@character_set_client */;
/*!40101 SET character_set_client = utf8 */;
CREATE TABLE `MultiDistrib` (
  `id` int(11) NOT NULL AUTO_INCREMENT,
  `distribStartDate` datetime NOT NULL,
  `distribEndDate` datetime NOT NULL,
  `orderStartDate` datetime DEFAULT NULL,
  `orderEndDate` datetime DEFAULT NULL,
  `slotsMode` mediumblob,
  `slots` mediumblob,
  `inNeedUserIds` mediumblob,
  `voluntaryUsers` mediumblob,
  `counterBeforeDistrib` double NOT NULL,
  `volunteerRolesIds` mediumtext,
  `validated` tinyint(1) DEFAULT NULL,
  `groupId` int(11) NOT NULL,
  `placeId` int(11) NOT NULL,
  `distributionCycleId` int(11) DEFAULT NULL,
  PRIMARY KEY (`id`),
  KEY `MultiDistrib_distribStartDate` (`distribStartDate`),
  KEY `MultiDistrib_group` (`groupId`),
  KEY `MultiDistrib_place` (`placeId`),
  KEY `MultiDistrib_distributionCycle` (`distributionCycleId`),
  CONSTRAINT `MultiDistrib_distributionCycle` FOREIGN KEY (`distributionCycleId`) REFERENCES `DistributionCycle` (`id`) ON DELETE SET NULL,
  CONSTRAINT `MultiDistrib_group` FOREIGN KEY (`groupId`) REFERENCES `Group` (`id`) ON DELETE CASCADE,
  CONSTRAINT `MultiDistrib_place` FOREIGN KEY (`placeId`) REFERENCES `Place` (`id`) ON DELETE CASCADE
) ENGINE=InnoDB AUTO_INCREMENT=101 DEFAULT CHARSET=utf8;
/*!40101 SET character_set_client = @saved_cs_client */;

--
-- Dumping data for table `MultiDistrib`
--

LOCK TABLES `MultiDistrib` WRITE;
/*!40000 ALTER TABLE `MultiDistrib` DISABLE KEYS */;
INSERT INTO `MultiDistrib` VALUES (1,'2022-05-26 17:00:00','2022-05-26 18:00:00','2022-05-21 08:00:00','2022-05-25 08:00:00',NULL,NULL,NULL,NULL,0,'',0,1,1,1),(2,'2022-06-02 17:00:00','2022-06-02 18:00:00','2022-05-28 08:00:00','2022-06-01 08:00:00',NULL,NULL,NULL,NULL,0,'',0,1,1,1),(3,'2022-06-09 17:00:00','2022-06-09 18:00:00','2022-06-04 08:00:00','2022-06-08 08:00:00',NULL,NULL,NULL,NULL,0,'',0,1,1,1),(4,'2022-06-16 17:00:00','2022-06-16 18:00:00','2022-06-11 08:00:00','2022-06-15 08:00:00',NULL,NULL,NULL,NULL,0,'',0,1,1,1),(5,'2022-06-23 17:00:00','2022-06-23 18:00:00','2022-06-18 08:00:00','2022-06-22 08:00:00',NULL,NULL,NULL,NULL,0,'',0,1,1,1),(6,'2022-06-30 17:00:00','2022-06-30 18:00:00','2022-06-25 08:00:00','2022-06-29 08:00:00',NULL,NULL,NULL,NULL,0,'',0,1,1,1),(7,'2022-07-07 17:00:00','2022-07-07 18:00:00','2022-07-02 08:00:00','2022-07-06 08:00:00',NULL,NULL,NULL,NULL,0,'',0,1,1,1),(8,'2022-07-14 17:00:00','2022-07-14 18:00:00','2022-07-09 08:00:00','2022-07-13 08:00:00',NULL,NULL,NULL,NULL,0,'',0,1,1,1),(9,'2022-07-21 17:00:00','2022-07-21 18:00:00','2022-07-16 08:00:00','2022-07-20 08:00:00',NULL,NULL,NULL,NULL,0,'',0,1,1,1),(10,'2022-07-28 17:00:00','2022-07-28 18:00:00','2022-07-23 08:00:00','2022-07-27 08:00:00',NULL,NULL,NULL,NULL,0,'',0,1,1,1),(11,'2022-08-04 17:00:00','2022-08-04 18:00:00','2022-07-30 08:00:00','2022-08-03 08:00:00',NULL,NULL,NULL,NULL,0,'',0,1,1,1),(12,'2022-08-11 17:00:00','2022-08-11 18:00:00','2022-08-06 08:00:00','2022-08-10 08:00:00',NULL,NULL,NULL,NULL,0,'',0,1,1,1),(13,'2022-08-18 17:00:00','2022-08-18 18:00:00','2022-08-13 08:00:00','2022-08-17 08:00:00',NULL,NULL,NULL,NULL,0,'',0,1,1,1),(14,'2022-08-25 17:00:00','2022-08-25 18:00:00','2022-08-20 08:00:00','2022-08-24 08:00:00',NULL,NULL,NULL,NULL,0,'',0,1,1,1),(15,'2022-09-01 17:00:00','2022-09-01 18:00:00','2022-08-27 08:00:00','2022-08-31 08:00:00',NULL,NULL,NULL,NULL,0,'',0,1,1,1),(16,'2022-09-08 17:00:00','2022-09-08 18:00:00','2022-09-03 08:00:00','2022-09-07 08:00:00',NULL,NULL,NULL,NULL,0,'',0,1,1,1),(17,'2022-09-15 17:00:00','2022-09-15 18:00:00','2022-09-10 08:00:00','2022-09-14 08:00:00',NULL,NULL,NULL,NULL,0,'',0,1,1,1),(18,'2022-09-22 17:00:00','2022-09-22 18:00:00','2022-09-17 08:00:00','2022-09-21 08:00:00',NULL,NULL,NULL,NULL,0,'',0,1,1,1),(19,'2022-09-29 17:00:00','2022-09-29 18:00:00','2022-09-24 08:00:00','2022-09-28 08:00:00',NULL,NULL,NULL,NULL,0,'',0,1,1,1),(20,'2022-10-06 17:00:00','2022-10-06 18:00:00','2022-10-01 08:00:00','2022-10-05 08:00:00',NULL,NULL,NULL,NULL,0,'',0,1,1,1),(21,'2022-10-13 17:00:00','2022-10-13 18:00:00','2022-10-08 08:00:00','2022-10-12 08:00:00',NULL,NULL,NULL,NULL,0,'',0,1,1,1),(22,'2022-10-20 17:00:00','2022-10-20 18:00:00','2022-10-15 08:00:00','2022-10-19 08:00:00',NULL,NULL,NULL,NULL,0,'',0,1,1,1),(23,'2022-10-27 17:00:00','2022-10-27 18:00:00','2022-10-22 08:00:00','2022-10-26 08:00:00',NULL,NULL,NULL,NULL,0,'',0,1,1,1),(24,'2022-11-03 17:00:00','2022-11-03 18:00:00','2022-10-29 08:00:00','2022-11-02 08:00:00',NULL,NULL,NULL,NULL,0,'',0,1,1,1),(25,'2022-11-10 17:00:00','2022-11-10 18:00:00','2022-11-05 08:00:00','2022-11-09 08:00:00',NULL,NULL,NULL,NULL,0,'',0,1,1,1),(26,'2022-11-17 17:00:00','2022-11-17 18:00:00','2022-11-12 08:00:00','2022-11-16 08:00:00',NULL,NULL,NULL,NULL,0,'',0,1,1,1),(27,'2022-11-24 17:00:00','2022-11-24 18:00:00','2022-11-19 08:00:00','2022-11-23 08:00:00',NULL,NULL,NULL,NULL,0,'',0,1,1,1),(28,'2022-12-01 17:00:00','2022-12-01 18:00:00','2022-11-26 08:00:00','2022-11-30 08:00:00',NULL,NULL,NULL,NULL,0,'',0,1,1,1),(29,'2022-12-08 17:00:00','2022-12-08 18:00:00','2022-12-03 08:00:00','2022-12-07 08:00:00',NULL,NULL,NULL,NULL,0,'',0,1,1,1),(30,'2022-12-15 17:00:00','2022-12-15 18:00:00','2022-12-10 08:00:00','2022-12-14 08:00:00',NULL,NULL,NULL,NULL,0,'',0,1,1,1),(31,'2022-12-22 17:00:00','2022-12-22 18:00:00','2022-12-17 08:00:00','2022-12-21 08:00:00',NULL,NULL,NULL,NULL,0,'',0,1,1,1),(32,'2022-12-29 17:00:00','2022-12-29 18:00:00','2022-12-24 08:00:00','2022-12-28 08:00:00',NULL,NULL,NULL,NULL,0,'',0,1,1,1),(33,'2023-01-05 17:00:00','2023-01-05 18:00:00','2022-12-31 08:00:00','2023-01-04 08:00:00',NULL,NULL,NULL,NULL,0,'',0,1,1,1),(34,'2023-01-12 17:00:00','2023-01-12 18:00:00','2023-01-07 08:00:00','2023-01-11 08:00:00',NULL,NULL,NULL,NULL,0,'',0,1,1,1),(35,'2023-01-19 17:00:00','2023-01-19 18:00:00','2023-01-14 08:00:00','2023-01-18 08:00:00',NULL,NULL,NULL,NULL,0,'',0,1,1,1),(36,'2023-01-26 17:00:00','2023-01-26 18:00:00','2023-01-21 08:00:00','2023-01-25 08:00:00',NULL,NULL,NULL,NULL,0,'',0,1,1,1),(37,'2023-02-02 17:00:00','2023-02-02 18:00:00','2023-01-28 08:00:00','2023-02-01 08:00:00',NULL,NULL,NULL,NULL,0,'',0,1,1,1),(38,'2023-02-09 17:00:00','2023-02-09 18:00:00','2023-02-04 08:00:00','2023-02-08 08:00:00',NULL,NULL,NULL,NULL,0,'',0,1,1,1),(39,'2023-02-16 17:00:00','2023-02-16 18:00:00','2023-02-11 08:00:00','2023-02-15 08:00:00',NULL,NULL,NULL,NULL,0,'',0,1,1,1),(40,'2023-02-23 17:00:00','2023-02-23 18:00:00','2023-02-18 08:00:00','2023-02-22 08:00:00',NULL,NULL,NULL,NULL,0,'',0,1,1,1),(41,'2023-03-02 17:00:00','2023-03-02 18:00:00','2023-02-25 08:00:00','2023-03-01 08:00:00',NULL,NULL,NULL,NULL,0,'',0,1,1,1),(42,'2023-03-09 17:00:00','2023-03-09 18:00:00','2023-03-04 08:00:00','2023-03-08 08:00:00',NULL,NULL,NULL,NULL,0,'',0,1,1,1),(43,'2023-03-16 17:00:00','2023-03-16 18:00:00','2023-03-11 08:00:00','2023-03-15 08:00:00',NULL,NULL,NULL,NULL,0,'',0,1,1,1),(44,'2023-03-23 17:00:00','2023-03-23 18:00:00','2023-03-18 08:00:00','2023-03-22 08:00:00',NULL,NULL,NULL,NULL,0,'',0,1,1,1),(45,'2023-03-30 17:00:00','2023-03-30 18:00:00','2023-03-25 08:00:00','2023-03-29 08:00:00',NULL,NULL,NULL,NULL,0,'',0,1,1,1),(46,'2023-04-06 17:00:00','2023-04-06 18:00:00','2023-04-01 08:00:00','2023-04-05 08:00:00',NULL,NULL,NULL,NULL,0,'',0,1,1,1),(47,'2023-04-13 17:00:00','2023-04-13 18:00:00','2023-04-08 08:00:00','2023-04-12 08:00:00',NULL,NULL,NULL,NULL,0,'',0,1,1,1),(48,'2023-04-20 17:00:00','2023-04-20 18:00:00','2023-04-15 08:00:00','2023-04-19 08:00:00',NULL,NULL,NULL,NULL,0,'',0,1,1,1),(49,'2023-04-27 17:00:00','2023-04-27 18:00:00','2023-04-22 08:00:00','2023-04-26 08:00:00',NULL,NULL,NULL,NULL,0,'',0,1,1,1),(50,'2023-05-04 17:00:00','2023-05-04 18:00:00','2023-04-29 08:00:00','2023-05-03 08:00:00',NULL,NULL,NULL,NULL,0,'',0,1,1,1),(51,'2023-05-11 17:00:00','2023-05-11 18:00:00','2023-05-06 08:00:00','2023-05-10 08:00:00',NULL,NULL,NULL,NULL,0,'',0,1,1,1),(52,'2023-05-18 17:00:00','2023-05-18 18:00:00','2023-05-13 08:00:00','2023-05-17 08:00:00',NULL,NULL,NULL,NULL,0,'',0,1,1,1),(53,'2023-05-25 17:00:00','2023-05-25 18:00:00','2023-05-20 08:00:00','2023-05-24 08:00:00',NULL,NULL,NULL,NULL,0,'',0,1,1,1),(54,'2023-06-01 17:00:00','2023-06-01 18:00:00','2023-05-27 08:00:00','2023-05-31 08:00:00',NULL,NULL,NULL,NULL,0,'',0,1,1,1),(55,'2023-06-08 17:00:00','2023-06-08 18:00:00','2023-06-03 08:00:00','2023-06-07 08:00:00',NULL,NULL,NULL,NULL,0,'',0,1,1,1),(56,'2023-06-15 17:00:00','2023-06-15 18:00:00','2023-06-10 08:00:00','2023-06-14 08:00:00',NULL,NULL,NULL,NULL,0,'',0,1,1,1),(57,'2023-06-22 17:00:00','2023-06-22 18:00:00','2023-06-17 08:00:00','2023-06-21 08:00:00',NULL,NULL,NULL,NULL,0,'',0,1,1,1),(58,'2023-06-29 17:00:00','2023-06-29 18:00:00','2023-06-24 08:00:00','2023-06-28 08:00:00',NULL,NULL,NULL,NULL,0,'',0,1,1,1),(59,'2023-07-06 17:00:00','2023-07-06 18:00:00','2023-07-01 08:00:00','2023-07-05 08:00:00',NULL,NULL,NULL,NULL,0,'',0,1,1,1),(60,'2023-07-13 17:00:00','2023-07-13 18:00:00','2023-07-08 08:00:00','2023-07-12 08:00:00',NULL,NULL,NULL,NULL,0,'',0,1,1,1),(61,'2023-07-20 17:00:00','2023-07-20 18:00:00','2023-07-15 08:00:00','2023-07-19 08:00:00',NULL,NULL,NULL,NULL,0,'',0,1,1,1),(62,'2023-07-27 17:00:00','2023-07-27 18:00:00','2023-07-22 08:00:00','2023-07-26 08:00:00',NULL,NULL,NULL,NULL,0,'',0,1,1,1),(63,'2023-08-03 17:00:00','2023-08-03 18:00:00','2023-07-29 08:00:00','2023-08-02 08:00:00',NULL,NULL,NULL,NULL,0,'',0,1,1,1),(64,'2023-08-10 17:00:00','2023-08-10 18:00:00','2023-08-05 08:00:00','2023-08-09 08:00:00',NULL,NULL,NULL,NULL,0,'',0,1,1,1),(65,'2023-08-17 17:00:00','2023-08-17 18:00:00','2023-08-12 08:00:00','2023-08-16 08:00:00',NULL,NULL,NULL,NULL,0,'',0,1,1,1),(66,'2023-08-24 17:00:00','2023-08-24 18:00:00','2023-08-19 08:00:00','2023-08-23 08:00:00',NULL,NULL,NULL,NULL,0,'',0,1,1,1),(67,'2023-08-31 17:00:00','2023-08-31 18:00:00','2023-08-26 08:00:00','2023-08-30 08:00:00',NULL,NULL,NULL,NULL,0,'',0,1,1,1),(68,'2023-09-07 17:00:00','2023-09-07 18:00:00','2023-09-02 08:00:00','2023-09-06 08:00:00',NULL,NULL,NULL,NULL,0,'',0,1,1,1),(69,'2023-09-14 17:00:00','2023-09-14 18:00:00','2023-09-09 08:00:00','2023-09-13 08:00:00',NULL,NULL,NULL,NULL,0,'',0,1,1,1),(70,'2023-09-21 17:00:00','2023-09-21 18:00:00','2023-09-16 08:00:00','2023-09-20 08:00:00',NULL,NULL,NULL,NULL,0,'',0,1,1,1),(71,'2023-09-28 17:00:00','2023-09-28 18:00:00','2023-09-23 08:00:00','2023-09-27 08:00:00',NULL,NULL,NULL,NULL,0,'',0,1,1,1),(72,'2023-10-05 17:00:00','2023-10-05 18:00:00','2023-09-30 08:00:00','2023-10-04 08:00:00',NULL,NULL,NULL,NULL,0,'',0,1,1,1),(73,'2023-10-12 17:00:00','2023-10-12 18:00:00','2023-10-07 08:00:00','2023-10-11 08:00:00',NULL,NULL,NULL,NULL,0,'',0,1,1,1),(74,'2023-10-19 17:00:00','2023-10-19 18:00:00','2023-10-14 08:00:00','2023-10-18 08:00:00',NULL,NULL,NULL,NULL,0,'',0,1,1,1),(75,'2023-10-26 17:00:00','2023-10-26 18:00:00','2023-10-21 08:00:00','2023-10-25 08:00:00',NULL,NULL,NULL,NULL,0,'',0,1,1,1),(76,'2023-11-02 17:00:00','2023-11-02 18:00:00','2023-10-28 08:00:00','2023-11-01 08:00:00',NULL,NULL,NULL,NULL,0,'',0,1,1,1),(77,'2023-11-09 17:00:00','2023-11-09 18:00:00','2023-11-04 08:00:00','2023-11-08 08:00:00',NULL,NULL,NULL,NULL,0,'',0,1,1,1),(78,'2023-11-16 17:00:00','2023-11-16 18:00:00','2023-11-11 08:00:00','2023-11-15 08:00:00',NULL,NULL,NULL,NULL,0,'',0,1,1,1),(79,'2023-11-23 17:00:00','2023-11-23 18:00:00','2023-11-18 08:00:00','2023-11-22 08:00:00',NULL,NULL,NULL,NULL,0,'',0,1,1,1),(80,'2023-11-30 17:00:00','2023-11-30 18:00:00','2023-11-25 08:00:00','2023-11-29 08:00:00',NULL,NULL,NULL,NULL,0,'',0,1,1,1),(81,'2023-12-07 17:00:00','2023-12-07 18:00:00','2023-12-02 08:00:00','2023-12-06 08:00:00',NULL,NULL,NULL,NULL,0,'',0,1,1,1),(82,'2023-12-14 17:00:00','2023-12-14 18:00:00','2023-12-09 08:00:00','2023-12-13 08:00:00',NULL,NULL,NULL,NULL,0,'',0,1,1,1),(83,'2023-12-21 17:00:00','2023-12-21 18:00:00','2023-12-16 08:00:00','2023-12-20 08:00:00',NULL,NULL,NULL,NULL,0,'',0,1,1,1),(84,'2023-12-28 17:00:00','2023-12-28 18:00:00','2023-12-23 08:00:00','2023-12-27 08:00:00',NULL,NULL,NULL,NULL,0,'',0,1,1,1),(85,'2024-01-04 17:00:00','2024-01-04 18:00:00','2023-12-30 08:00:00','2024-01-03 08:00:00',NULL,NULL,NULL,NULL,0,'',0,1,1,1),(86,'2024-01-11 17:00:00','2024-01-11 18:00:00','2024-01-06 08:00:00','2024-01-10 08:00:00',NULL,NULL,NULL,NULL,0,'',0,1,1,1),(87,'2024-01-18 17:00:00','2024-01-18 18:00:00','2024-01-13 08:00:00','2024-01-17 08:00:00',NULL,NULL,NULL,NULL,0,'',0,1,1,1),(88,'2024-01-25 17:00:00','2024-01-25 18:00:00','2024-01-20 08:00:00','2024-01-24 08:00:00',NULL,NULL,NULL,NULL,0,'',0,1,1,1),(89,'2024-02-01 17:00:00','2024-02-01 18:00:00','2024-01-27 08:00:00','2024-01-31 08:00:00',NULL,NULL,NULL,NULL,0,'',0,1,1,1),(90,'2024-02-08 17:00:00','2024-02-08 18:00:00','2024-02-03 08:00:00','2024-02-07 08:00:00',NULL,NULL,NULL,NULL,0,'',0,1,1,1),(91,'2024-02-15 17:00:00','2024-02-15 18:00:00','2024-02-10 08:00:00','2024-02-14 08:00:00',NULL,NULL,NULL,NULL,0,'',0,1,1,1),(92,'2024-02-22 17:00:00','2024-02-22 18:00:00','2024-02-17 08:00:00','2024-02-21 08:00:00',NULL,NULL,NULL,NULL,0,'',0,1,1,1),(93,'2024-02-29 17:00:00','2024-02-29 18:00:00','2024-02-24 08:00:00','2024-02-28 08:00:00',NULL,NULL,NULL,NULL,0,'',0,1,1,1),(94,'2024-03-07 17:00:00','2024-03-07 18:00:00','2024-03-02 08:00:00','2024-03-06 08:00:00',NULL,NULL,NULL,NULL,0,'',0,1,1,1),(95,'2024-03-14 17:00:00','2024-03-14 18:00:00','2024-03-09 08:00:00','2024-03-13 08:00:00',NULL,NULL,NULL,NULL,0,'',0,1,1,1),(96,'2024-03-21 17:00:00','2024-03-21 18:00:00','2024-03-16 08:00:00','2024-03-20 08:00:00',NULL,NULL,NULL,NULL,0,'',0,1,1,1),(97,'2024-03-28 17:00:00','2024-03-28 18:00:00','2024-03-23 08:00:00','2024-03-27 08:00:00',NULL,NULL,NULL,NULL,0,'',0,1,1,1),(98,'2024-04-04 17:00:00','2024-04-04 18:00:00','2024-03-30 08:00:00','2024-04-03 08:00:00',NULL,NULL,NULL,NULL,0,'',0,1,1,1),(99,'2024-04-11 17:00:00','2024-04-11 18:00:00','2024-04-06 08:00:00','2024-04-10 08:00:00',NULL,NULL,NULL,NULL,0,'',0,1,1,1),(100,'2024-04-18 17:00:00','2024-04-18 18:00:00','2024-04-13 08:00:00','2024-04-17 08:00:00',NULL,NULL,NULL,NULL,0,'',0,1,1,1);
/*!40000 ALTER TABLE `MultiDistrib` ENABLE KEYS */;
UNLOCK TABLES;

--
-- Table structure for table `Operation`
--

DROP TABLE IF EXISTS `Operation`;
/*!40101 SET @saved_cs_client     = @@character_set_client */;
/*!40101 SET character_set_client = utf8 */;
CREATE TABLE `Operation` (
  `id` int(11) NOT NULL AUTO_INCREMENT,
  `name` varchar(128) NOT NULL,
  `amount` double NOT NULL,
  `date` datetime NOT NULL,
  `type` tinyint(3) unsigned NOT NULL,
  `data` mediumblob NOT NULL,
  `pending` tinyint(1) NOT NULL,
  `relationId` int(11) DEFAULT NULL,
  `userId` int(11) NOT NULL,
  `groupId` int(11) NOT NULL,
  PRIMARY KEY (`id`),
  KEY `Operation_relation` (`relationId`),
  KEY `Operation_user` (`userId`),
  KEY `Operation_group` (`groupId`),
  CONSTRAINT `Operation_group` FOREIGN KEY (`groupId`) REFERENCES `Group` (`id`) ON DELETE CASCADE,
  CONSTRAINT `Operation_relation` FOREIGN KEY (`relationId`) REFERENCES `Operation` (`id`) ON DELETE SET NULL,
  CONSTRAINT `Operation_user` FOREIGN KEY (`userId`) REFERENCES `User` (`id`) ON DELETE CASCADE
) ENGINE=InnoDB DEFAULT CHARSET=utf8;
/*!40101 SET character_set_client = @saved_cs_client */;

--
-- Dumping data for table `Operation`
--

LOCK TABLES `Operation` WRITE;
/*!40000 ALTER TABLE `Operation` DISABLE KEYS */;
/*!40000 ALTER TABLE `Operation` ENABLE KEYS */;
UNLOCK TABLES;

--
-- Table structure for table `Permalink`
--

DROP TABLE IF EXISTS `Permalink`;
/*!40101 SET @saved_cs_client     = @@character_set_client */;
/*!40101 SET character_set_client = utf8 */;
CREATE TABLE `Permalink` (
  `link` varchar(128) NOT NULL,
  `entityType` varchar(64) NOT NULL,
  `entityId` int(11) NOT NULL,
  PRIMARY KEY (`link`)
) ENGINE=InnoDB DEFAULT CHARSET=utf8;
/*!40101 SET character_set_client = @saved_cs_client */;

--
-- Dumping data for table `Permalink`
--

LOCK TABLES `Permalink` WRITE;
/*!40000 ALTER TABLE `Permalink` DISABLE KEYS */;
/*!40000 ALTER TABLE `Permalink` ENABLE KEYS */;
UNLOCK TABLES;

--
-- Table structure for table `Place`
--

DROP TABLE IF EXISTS `Place`;
/*!40101 SET @saved_cs_client     = @@character_set_client */;
/*!40101 SET character_set_client = utf8 */;
CREATE TABLE `Place` (
  `id` int(11) NOT NULL AUTO_INCREMENT,
  `name` varchar(64) NOT NULL,
  `address1` varchar(64) DEFAULT NULL,
  `address2` varchar(64) DEFAULT NULL,
  `zipCode` varchar(32) NOT NULL,
  `city` varchar(64) NOT NULL,
  `country` varchar(64) DEFAULT NULL,
  `lat` double DEFAULT NULL,
  `lng` double DEFAULT NULL,
  `groupId` int(11) NOT NULL,
  PRIMARY KEY (`id`),
  KEY `Place_lat_lng` (`lat`,`lng`),
  KEY `Place_group` (`groupId`),
  CONSTRAINT `Place_group` FOREIGN KEY (`groupId`) REFERENCES `Group` (`id`) ON DELETE CASCADE
) ENGINE=InnoDB AUTO_INCREMENT=2 DEFAULT CHARSET=utf8;
/*!40101 SET character_set_client = @saved_cs_client */;

--
-- Dumping data for table `Place`
--

LOCK TABLES `Place` WRITE;
/*!40000 ALTER TABLE `Place` DISABLE KEYS */;
INSERT INTO `Place` VALUES (1,'Ecolieu Le Portail','7 Rue du Portail',NULL,'71270','Torpes','FR',NULL,NULL,1);
/*!40000 ALTER TABLE `Place` ENABLE KEYS */;
UNLOCK TABLES;

--
-- Table structure for table `Product`
--

DROP TABLE IF EXISTS `Product`;
/*!40101 SET @saved_cs_client     = @@character_set_client */;
/*!40101 SET character_set_client = utf8 */;
CREATE TABLE `Product` (
  `id` int(11) NOT NULL AUTO_INCREMENT,
  `name` varchar(128) NOT NULL,
  `ref` varchar(32) DEFAULT NULL,
  `price` double NOT NULL,
  `vat` double NOT NULL,
  `desc` mediumtext,
  `stock` double DEFAULT NULL,
  `unitType` tinyint(3) unsigned DEFAULT NULL,
  `qt` double DEFAULT NULL,
  `organic` tinyint(1) NOT NULL,
  `variablePrice` tinyint(1) NOT NULL,
  `multiWeight` tinyint(1) NOT NULL,
  `wholesale` tinyint(1) NOT NULL,
  `retail` tinyint(1) NOT NULL,
  `bulk` tinyint(1) NOT NULL,
  `hasFloatQt` tinyint(1) NOT NULL,
  `active` tinyint(1) NOT NULL,
  `catalogId` int(11) NOT NULL,
  `imageId` int(11) DEFAULT NULL,
  `txpProductId` int(11) DEFAULT NULL,
  PRIMARY KEY (`id`),
  KEY `Product_catalog` (`catalogId`),
  KEY `Product_image` (`imageId`),
  KEY `Product_txpProduct` (`txpProductId`),
  CONSTRAINT `Product_catalog` FOREIGN KEY (`catalogId`) REFERENCES `Catalog` (`id`) ON DELETE CASCADE,
  CONSTRAINT `Product_image` FOREIGN KEY (`imageId`) REFERENCES `File` (`id`) ON DELETE SET NULL,
  CONSTRAINT `Product_txpProduct` FOREIGN KEY (`txpProductId`) REFERENCES `TxpProduct` (`id`) ON DELETE SET NULL
) ENGINE=InnoDB DEFAULT CHARSET=utf8;
/*!40101 SET character_set_client = @saved_cs_client */;

--
-- Dumping data for table `Product`
--

LOCK TABLES `Product` WRITE;
/*!40000 ALTER TABLE `Product` DISABLE KEYS */;
/*!40000 ALTER TABLE `Product` ENABLE KEYS */;
UNLOCK TABLES;

--
-- Table structure for table `ProductCategory`
--

DROP TABLE IF EXISTS `ProductCategory`;
/*!40101 SET @saved_cs_client     = @@character_set_client */;
/*!40101 SET character_set_client = utf8 */;
CREATE TABLE `ProductCategory` (
  `productId` int(11) NOT NULL,
  `categoryId` int(11) NOT NULL,
  PRIMARY KEY (`productId`,`categoryId`),
  KEY `ProductCategory_category` (`categoryId`),
  CONSTRAINT `ProductCategory_category` FOREIGN KEY (`categoryId`) REFERENCES `Category` (`id`) ON DELETE CASCADE,
  CONSTRAINT `ProductCategory_product` FOREIGN KEY (`productId`) REFERENCES `Product` (`id`) ON DELETE CASCADE
) ENGINE=InnoDB DEFAULT CHARSET=utf8;
/*!40101 SET character_set_client = @saved_cs_client */;

--
-- Dumping data for table `ProductCategory`
--

LOCK TABLES `ProductCategory` WRITE;
/*!40000 ALTER TABLE `ProductCategory` DISABLE KEYS */;
/*!40000 ALTER TABLE `ProductCategory` ENABLE KEYS */;
UNLOCK TABLES;

--
-- Table structure for table `Session`
--

DROP TABLE IF EXISTS `Session`;
/*!40101 SET @saved_cs_client     = @@character_set_client */;
/*!40101 SET character_set_client = utf8 */;
CREATE TABLE `Session` (
  `sid` varchar(32) NOT NULL,
  `ip` varchar(15) NOT NULL,
  `lang` varchar(2) NOT NULL,
  `messages` mediumblob NOT NULL,
  `lastTime` datetime NOT NULL,
  `createTime` datetime NOT NULL,
  `sdata` mediumblob NOT NULL,
  `uid` int(11) DEFAULT NULL,
  PRIMARY KEY (`sid`),
  KEY `Session_lastTime` (`lastTime`),
  KEY `Session_user` (`uid`),
  CONSTRAINT `Session_user` FOREIGN KEY (`uid`) REFERENCES `User` (`id`) ON DELETE SET NULL
) ENGINE=InnoDB DEFAULT CHARSET=utf8;
/*!40101 SET character_set_client = @saved_cs_client */;

--
-- Dumping data for table `Session`
--

LOCK TABLES `Session` WRITE;
/*!40000 ALTER TABLE `Session` DISABLE KEYS */;
INSERT INTO `Session` VALUES ('246lIlat5F16KJyiFE4A9JW1PINCHhPT','127.0.0.1','fr',_binary 'ah','2022-05-26 09:39:01','2022-05-26 09:39:01',_binary 'o\0\0\0\0z',NULL),('3JQ5iAMI5s4Ae2mCYZBm1nyhwt1xLcBo','127.0.0.1','fr',_binary 'ah','2022-05-26 06:27:01','2022-05-26 06:27:01',_binary 'o\0\0\0\0z',NULL),('4kXscbSE0nOJ2kmJTXseQfef5vDXdK7F','172.29.0.1','en',_binary 'ah','2022-05-26 06:19:58','2022-05-26 06:19:58',_binary 'o\0\0\0\0z',NULL),('4pQBYZTCoVyZF62L9ZnvFA2bL5wLsMhD','127.0.0.1','fr',_binary 'ah','2022-05-26 09:40:01','2022-05-26 09:40:01',_binary 'o\0\0\0\0z',NULL),('6hWsQXcwVFxJtjVOD2xr2D6Jb0XFBTtt','127.0.0.1','fr',_binary 'ah','2022-05-26 09:37:01','2022-05-26 09:37:01',_binary 'o\0\0\0\0z',NULL),('7RjLkCcuBMyPHsyloLlNFSxOEcJ2QaY8','127.0.0.1','fr',_binary 'ah','2022-05-26 06:20:01','2022-05-26 06:20:01',_binary 'o\0\0\0\0z',NULL),('AAC8VHlyMDmpJjWCVFIRhk61F8A9kjn1','127.0.0.1','fr',_binary 'ah','2022-05-26 06:23:01','2022-05-26 06:23:01',_binary 'o\0\0\0\0z',NULL),('BooOJS0vWlukjkiBIhjMMuO6n6DwJYd8','127.0.0.1','fr',_binary 'ah','2022-05-26 06:22:02','2022-05-26 06:22:02',_binary 'o\0\0\0\0z',NULL),('jQJJ9va3mNfVo5VS2qA1jhvHDbvk4pxc','127.0.0.1','fr',_binary 'ah','2022-05-26 09:38:02','2022-05-26 09:38:02',_binary 'o\0\0\0\0z',NULL),('M15j0dE1mo1RL9MlOA5bEhTrLLPhkUwJ','127.0.0.1','fr',_binary 'ah','2022-05-26 06:24:01','2022-05-26 06:24:01',_binary 'o\0\0\0\0z',NULL),('m8YRY5LV9oJEOyF7fm3aeUXZechSHI36','127.0.0.1','fr',_binary 'ah','2022-05-26 06:28:01','2022-05-26 06:28:01',_binary 'o\0\0\0\0z',NULL),('OAmyNxKhPIx7CQtdJVp7x8jC5x65ITZo','172.29.0.1','fr',_binary 'ah','2022-05-26 09:39:45','2022-05-26 09:36:58',_binary 'o)\i\0\0\0Ȭi\0\0\0\0 5N>=N\0\0\0\0z',1),('pprZJDjyDVEtsBBry1vAj0xQnu7NII2d','127.0.0.1','fr',_binary 'ah','2022-05-26 06:26:01','2022-05-26 06:26:01',_binary 'o\0\0\0\0z',NULL),('U1omaenj99503tP30m5in4Lmt9uxAFso','127.0.0.1','fr',_binary 'ah','2022-05-26 06:21:01','2022-05-26 06:21:01',_binary 'o\0\0\0\0z',NULL),('UdDLD2ISeXjZXWvp2fRFs29Bjdy0Be8L','127.0.0.1','fr',_binary 'ah','2022-05-26 06:25:01','2022-05-26 06:25:01',_binary 'o\0\0\0\0z',NULL),('ZnDhJRQ6lmAeTfVJ6cjuEQB0e58JcccR','127.0.0.1','fr',_binary 'ah','2022-05-26 06:29:01','2022-05-26 06:29:01',_binary 'o\0\0\0\0z',NULL);
/*!40000 ALTER TABLE `Session` ENABLE KEYS */;
UNLOCK TABLES;

--
-- Table structure for table `Subscription`
--

DROP TABLE IF EXISTS `Subscription`;
/*!40101 SET @saved_cs_client     = @@character_set_client */;
/*!40101 SET character_set_client = utf8 */;
CREATE TABLE `Subscription` (
  `id` int(11) NOT NULL AUTO_INCREMENT,
  `startDate` datetime NOT NULL,
  `endDate` datetime NOT NULL,
  `isValidated` tinyint(1) NOT NULL,
  `isPaid` tinyint(1) NOT NULL,
  `userId` int(11) NOT NULL,
  `catalogId` int(11) NOT NULL,
  PRIMARY KEY (`id`),
  KEY `Subscription_user` (`userId`),
  KEY `Subscription_catalog` (`catalogId`),
  CONSTRAINT `Subscription_catalog` FOREIGN KEY (`catalogId`) REFERENCES `Catalog` (`id`) ON DELETE CASCADE,
  CONSTRAINT `Subscription_user` FOREIGN KEY (`userId`) REFERENCES `User` (`id`) ON DELETE CASCADE
) ENGINE=InnoDB DEFAULT CHARSET=utf8;
/*!40101 SET character_set_client = @saved_cs_client */;

--
-- Dumping data for table `Subscription`
--

LOCK TABLES `Subscription` WRITE;
/*!40000 ALTER TABLE `Subscription` DISABLE KEYS */;
/*!40000 ALTER TABLE `Subscription` ENABLE KEYS */;
UNLOCK TABLES;

--
-- Table structure for table `TmpBasket`
--

DROP TABLE IF EXISTS `TmpBasket`;
/*!40101 SET @saved_cs_client     = @@character_set_client */;
/*!40101 SET character_set_client = utf8 */;
CREATE TABLE `TmpBasket` (
  `id` int(11) NOT NULL AUTO_INCREMENT,
  `ref` varchar(256) DEFAULT NULL,
  `cdate` datetime NOT NULL,
  `data` mediumblob NOT NULL,
  `userId` int(11) DEFAULT NULL,
  `multiDistribId` int(11) NOT NULL,
  PRIMARY KEY (`id`),
  KEY `TmpBasket_ref` (`ref`),
  KEY `TmpBasket_user` (`userId`),
  KEY `TmpBasket_multiDistrib` (`multiDistribId`),
  CONSTRAINT `TmpBasket_multiDistrib` FOREIGN KEY (`multiDistribId`) REFERENCES `MultiDistrib` (`id`) ON DELETE CASCADE,
  CONSTRAINT `TmpBasket_user` FOREIGN KEY (`userId`) REFERENCES `User` (`id`) ON DELETE SET NULL
) ENGINE=InnoDB DEFAULT CHARSET=utf8;
/*!40101 SET character_set_client = @saved_cs_client */;

--
-- Dumping data for table `TmpBasket`
--

LOCK TABLES `TmpBasket` WRITE;
/*!40000 ALTER TABLE `TmpBasket` DISABLE KEYS */;
/*!40000 ALTER TABLE `TmpBasket` ENABLE KEYS */;
UNLOCK TABLES;

--
-- Table structure for table `TxpCategory`
--

DROP TABLE IF EXISTS `TxpCategory`;
/*!40101 SET @saved_cs_client     = @@character_set_client */;
/*!40101 SET character_set_client = utf8 */;
CREATE TABLE `TxpCategory` (
  `id` int(11) NOT NULL AUTO_INCREMENT,
  `image` varchar(64) DEFAULT NULL,
  `displayOrder` tinyint(4) NOT NULL,
  `name` varchar(128) NOT NULL,
  PRIMARY KEY (`id`)
) ENGINE=InnoDB AUTO_INCREMENT=15 DEFAULT CHARSET=utf8;
/*!40101 SET character_set_client = @saved_cs_client */;

--
-- Dumping data for table `TxpCategory`
--

LOCK TABLES `TxpCategory` WRITE;
/*!40000 ALTER TABLE `TxpCategory` DISABLE KEYS */;
INSERT INTO `TxpCategory` VALUES (1,'produits-mer',0,'Produits de la mer'),(2,'autres',0,'Livraison à domicile'),(3,'hygiene',0,'Beauté & soins'),(4,'desserts-plats-prepares',0,'Traiteur'),(5,'autres',0,'Maison & Jardin'),(6,'fruits-legumes',0,'Fruits & Légumes'),(7,'boulangerie-patisserie',0,'Boulangerie & Pâtisserie'),(8,'cremerie',0,'Crèmerie'),(9,'boissons',0,'Boissons'),(10,'viande-charcuterie',0,'Viandes'),(11,'autres',0,'Animaux'),(12,'autres',0,'Artisanat & Loisirs'),(13,'autres',0,'Paniers et Coffrets'),(14,'epicerie',0,'Épicerie');
/*!40000 ALTER TABLE `TxpCategory` ENABLE KEYS */;
UNLOCK TABLES;

--
-- Table structure for table `TxpProduct`
--

DROP TABLE IF EXISTS `TxpProduct`;
/*!40101 SET @saved_cs_client     = @@character_set_client */;
/*!40101 SET character_set_client = utf8 */;
CREATE TABLE `TxpProduct` (
  `id` int(11) NOT NULL AUTO_INCREMENT,
  `name` varchar(128) NOT NULL,
  `categoryId` int(11) NOT NULL,
  `subCategoryId` int(11) NOT NULL,
  PRIMARY KEY (`id`),
  KEY `TxpProduct_category` (`categoryId`),
  KEY `TxpProduct_subCategory` (`subCategoryId`),
  CONSTRAINT `TxpProduct_category` FOREIGN KEY (`categoryId`) REFERENCES `TxpCategory` (`id`) ON DELETE CASCADE,
  CONSTRAINT `TxpProduct_subCategory` FOREIGN KEY (`subCategoryId`) REFERENCES `TxpSubCategory` (`id`) ON DELETE CASCADE
) ENGINE=InnoDB AUTO_INCREMENT=659 DEFAULT CHARSET=utf8;
/*!40101 SET character_set_client = @saved_cs_client */;

--
-- Dumping data for table `TxpProduct`
--

LOCK TABLES `TxpProduct` WRITE;
/*!40000 ALTER TABLE `TxpProduct` DISABLE KEYS */;
INSERT INTO `TxpProduct` VALUES (1,'Carrelet',1,1),(2,'Livraison à domicile',2,2),(3,'Savon liquide',3,3),(4,'Tofu',4,4),(5,'Lait d\'ânesse (cosmétique)',3,5),(6,'Huile de soin',3,5),(7,'Macération solaire (non alimentaire)',3,5),(8,'Soin des cheveux',3,5),(9,'Soin du corps',3,5),(10,'Démaquillant',3,5),(11,'Linge de Maison',5,6),(12,'Semences',5,7),(13,'Basilic',6,8),(14,'Gâteau',7,9),(15,'Pâtes',7,9),(16,'Beurre',8,10),(17,'Bière',9,11),(18,'Calvados',9,11),(19,'Bouleau',6,8),(20,'Aubépine',6,8),(21,'Bulot',1,12),(22,'Brioche',7,13),(23,'Bison',10,14),(24,'Poissons et crustacés',1,15),(25,'Seitan',4,4),(26,'Caviar',1,1),(27,'Panier de poissons',1,1),(28,'Germoir',5,7),(29,'Escargots',10,16),(30,'Eglefin',1,1),(31,'Féra (corégone)',1,1),(32,'Limande',1,1),(33,'Graines pour oiseaux',11,17),(34,'Vaisselle en bois',12,18),(35,'Lotte',1,1),(36,'Maquereau',1,1),(37,'Digestif ou liqueur',9,11),(38,'Morue',1,1),(39,'Hydromel',9,11),(40,'Pétillant de raisin',9,11),(41,'Colin',1,1),(42,'Rouget',1,1),(43,'Sar',1,1),(44,'Galet',1,1),(45,'Hareng',1,1),(46,'Lieu Noir',1,1),(47,'Poiré',9,11),(48,'Loup',1,1),(49,'Pommeau',9,11),(50,'Champagne rosé',9,11),(51,'Bière brune',9,11),(52,'Bière blonde',9,11),(53,'Pain d\'épices',7,9),(54,'Glace',8,19),(55,'Ustensile de cuisine',5,6),(56,'Apéritif',9,11),(57,'Bière ambrée',9,11),(58,'Pâtisserie au chocolat',7,9),(59,'Condiments',13,20),(60,'Panier de condiments',13,20),(61,'Panier de produits du terroir',13,20),(62,'Plant',5,7),(63,'Bouquet ou composition florale',5,7),(64,'Palmier',7,9),(65,'CD',12,21),(66,'Plat cuisiné',4,4),(67,'Livres',12,21),(68,'Meubles et décoration',12,18),(69,'Cours de jardinage',12,22),(70,'Cours de cuisine',12,22),(71,'Boissons sans alcool',9,23),(72,'Cognac',9,11),(73,'Bar',1,1),(74,'Cabillaud',1,1),(75,'Daurade',1,1),(76,'Lamproie',1,1),(77,'Merlan',1,1),(78,'Cheval',10,14),(79,'Chevreau',10,14),(80,'Information',12,24),(81,'Jouet en bois',12,25),(82,'Muge',1,1),(83,'Fromage',8,26),(84,'Pageot',1,1),(85,'Bière triple',9,11),(86,'Champagne',9,11),(87,'Telline',1,12),(88,'Cidre',9,11),(89,'Crème de cassis',9,11),(90,'Mouton',10,14),(91,'Jouet en tissu',12,25),(92,'Tee-shirt',12,27),(93,'Tissu et textile',12,18),(94,'Vêtement pour enfant',12,27),(95,'Visite à la ferme',12,22),(96,'Vannerie',12,18),(97,'Tartelette aux fruits',7,9),(98,'Tarte sucrée',7,9),(99,'Huître',1,12),(100,'Eau de vie',9,11),(101,'Jus de fruit à consommation immédiate  TVA 10%',9,28),(102,'Essaim',11,17),(103,'Faisselle',8,29),(104,'Fromage blanc',8,29),(105,'Lait fermenté',8,29),(106,'Dessert glacé',8,19),(107,'Fruits au sirop',6,30),(108,'Biscuit de Savoie',7,9),(109,'Financier',7,9),(110,'Brownie',7,9),(111,'Cannelé',7,9),(112,'Compote',7,9),(113,'Dessert végétal',7,9),(114,'Galette de blé noir',7,31),(115,'Gaufre',7,9),(116,'Macarons',7,9),(117,'Muffin',7,9),(118,'Pain lin pavot',7,32),(119,'Pain multigraines',7,32),(120,'Pain nature',7,32),(121,'Pain sésame',7,32),(122,'Marbré',7,9),(123,'Pain au noix',7,32),(124,'Pain aux graines de courge',7,32),(125,'Pain aux raisins',7,32),(126,'Quatre-quarts',7,9),(127,'Pain complet',7,32),(128,'Pain de campagne',7,32),(129,'Pain demi-complet',7,32),(130,'Marbré',1,1),(131,'Oursin',1,12),(132,'Soin du visage',3,5),(133,'Palourde',1,12),(134,'Lapin',10,14),(135,'Brèdes',6,33),(136,'Yaourt',8,29),(137,'Miel',14,34),(138,'Confiture',14,34),(139,'Dessert',4,4),(140,'Gelée',14,34),(141,'Gelée royale',14,34),(142,'Madeleine',7,9),(143,'Riz',14,35),(144,'Pâté en croute',4,4),(145,'Germe de blé',14,35),(146,'Boulghour',14,35),(147,'Crêpe',7,31),(148,'Tous pains',7,32),(149,'Viennoiserie',7,13),(150,'Tiramisu',7,9),(151,'Argile',3,5),(152,'Baume',3,5),(153,'Baume de beauté précieux visage',3,5),(154,'Sels de bain',3,5),(155,'Pâté',10,36),(156,'Pâté de canard',10,36),(157,'Panier de fruits et légumes',6,37),(158,'Panier de légumes',6,37),(159,'Soupe déshydratée',6,30),(160,'Miel de Montagne',14,34),(161,'Aigre-doux',14,38),(162,'Graines à germer',14,35),(163,'Graines germées',14,35),(164,'Graines moulues',14,35),(165,'Glace individuelle à l\'unité < 200ml',8,19),(166,'Goyave',6,39),(167,'Perche',1,1),(168,'Epeautre',14,35),(169,'Nèfle du Japon',6,39),(170,'Poulpe',1,12),(171,'Noisette',6,40),(172,'Piment',14,38),(173,'Poivre',14,38),(174,'Chips',14,41),(175,'Miel de chataîgnier',14,34),(176,'Produits vétérinaires',11,17),(177,'Bigarade',6,39),(178,'Brugnon',6,39),(179,'Kiwi',6,39),(180,'Kumquat',6,39),(181,'Citrons',6,39),(182,'Citron vert',6,39),(183,'Sapote',6,39),(184,'Oeufs de poisson',1,1),(185,'Miel de Forêt',14,34),(186,'Guarana',14,42),(187,'Miel de Tilleul',14,34),(188,'Infusion',14,43),(189,'Assortiment de viandes',10,14),(190,'Rillette',10,36),(191,'Rillettes',10,36),(192,'Rillettes de saumon',1,44),(193,'Rillettes de truite',1,44),(194,'Rillettes de canard',10,36),(195,'Rillettes et Pâtés',10,45),(196,'Terrine',10,36),(197,'Sapotille',6,39),(198,'Cerise de Cayenne',6,39),(199,'Poire',6,39),(200,'Cachiman',6,39),(201,'Physalis',6,39),(202,'Pomme liane',6,39),(203,'Pruneau',6,40),(204,'Pomme',6,39),(205,'Ananas',6,39),(206,'Pamplemousse',6,39),(207,'Tomate arbuste (Tamarillo)',6,39),(208,'Noix de coco',6,39),(209,'Pomme de lait',6,39),(210,'Raisins',6,40),(211,'Ramboutan',6,39),(212,'Prune',6,39),(213,'Mombin',6,39),(214,'Myrobolan',6,39),(215,'Raisin',6,39),(216,'Mûre',6,39),(217,'Cassis',6,39),(218,'Corossol',6,39),(219,'Clémentines',6,39),(220,'Tamarin',6,39),(221,'Prune de Cythère',6,39),(222,'Mangoustan',6,39),(223,'Coquilles Saint-Jacques',1,12),(224,'Crabe',1,12),(225,'Produits à tartiner',14,41),(226,'Farine',14,35),(227,'Flocons d\'avoine',14,35),(228,'Crevettes',1,12),(229,'Fleur de sel',14,38),(230,'Écrevisse',1,12),(231,'Homard',1,12),(232,'Anguille',1,46),(233,'Mangue',6,39),(234,'Attier',6,39),(235,'Coing',6,39),(236,'Combava',6,39),(237,'Feijoa',6,39),(238,'Acérola',6,39),(239,'Bonite',1,1),(240,'Amandes',6,40),(241,'Pomme de lait',6,39),(242,'Papier toilette',5,6),(243,'Nettoyant sols et surfaces',5,6),(244,'Brochet',1,1),(245,'Carpe',1,1),(246,'Longani',6,39),(247,'Groseille',6,39),(248,'Moule',1,12),(249,'Murex (coquillage)',1,12),(250,'Kaki',6,39),(251,'Arbousier',6,39),(252,'Mandarine',6,39),(253,'Compote',6,39),(254,'Couches',3,3),(255,'Coupe menstruelle',3,3),(256,'Lingettes',3,3),(257,'Cerise',6,39),(258,'Chérimole',6,39),(259,'Gommage',3,5),(260,'Sapin de Noël',5,7),(261,'Lotion',3,5),(262,'Figue',6,39),(263,'Fraise',6,39),(264,'Ketchup',14,47),(265,'Miel de sapin',14,34),(266,'Rochers à la noix de coco',7,9),(267,'Sablé',7,9),(268,'Framboise',6,39),(269,'Abricot',6,39),(270,'Myrtilles',6,39),(271,'Miel fleur de printemps',14,34),(272,'Banane',6,39),(273,'Figue',6,40),(274,'Kiwano',6,39),(275,'Litchi',6,39),(276,'Nectarine',6,39),(277,'Rhubarbe',6,39),(278,'Nashis',6,39),(279,'Origan',6,8),(280,'Miel fleur d\'été',14,34),(281,'Truite',1,1),(282,'Turbot',1,1),(283,'Ardoise',12,18),(284,'Bougie',12,18),(285,'Aliment pour Chats',11,17),(286,'Aliment pour Chiens',11,17),(287,'Cassoulet',4,4),(288,'Cire d\'abeille',12,18),(289,'Graines pour volaille',11,17),(290,'Litière et foin',11,17),(291,'Goyavier',6,39),(292,'Cacao (fèves)',14,48),(293,'Céramique',12,18),(294,'Grenadelle',6,39),(295,'Grenadille',6,39),(296,'Icaque',6,39),(297,'Tourte',4,4),(298,'Bougie naturelle',12,18),(299,'Jacque',6,39),(300,'Pitaya',6,39),(301,'Conte',12,21),(302,'Carambole',6,39),(303,'Engrais',5,7),(304,'Nèfle',6,39),(305,'Autres fruits séchés',6,40),(306,'Tamarin des Indes',6,39),(307,'Abricot séché',6,40),(308,'Truffe',6,33),(309,'Bois et dérivés de bois',5,6),(310,'Seiche',1,12),(311,'Activité pédagogique et culturelle',12,22),(312,'Artisanat et culture',12,49),(313,'Saumon',1,1),(314,'Saumon de fontaine',1,1),(315,'Saurel',1,1),(316,'Seiche',1,1),(317,'Atelier',12,22),(318,'Atelier de fabrication',12,22),(319,'Serviette hygiénique',3,3),(320,'Aide à la pâtisserie',4,4),(321,'Kit tarte',4,4),(322,'Autres',12,27),(323,'Pizza',4,4),(324,'Saumon fumé',1,46),(325,'Terreau',5,7),(326,'Tarte salée',4,4),(327,'Soin du linge',5,6),(328,'Truite fumée',1,46),(329,'Pâte à tartiner',14,34),(330,'Purée de fruit ou compote',14,34),(331,'Sole',1,1),(332,'Sorbet',8,19),(333,'Thon',1,1),(334,'Panier composé avec contenant',13,20),(335,'Oeufs',8,50),(336,'Lombricomposteur',5,7),(337,'Pied de sapin',5,7),(338,'Bruyère',6,8),(339,'Camomille matricaire',6,8),(340,'Camomille romaine',6,8),(341,'Aloe vera',6,8),(342,'Barquette au marrons',7,9),(343,'Angélique',6,8),(344,'Plat cuisiné à consommer sur place',4,4),(345,'Confits',14,34),(346,'Sel au céleri',14,38),(347,'Huile aromatisée',14,51),(348,'Huile de chanvre',14,51),(349,'Huile de pépins de raisins',14,51),(350,'Panier de fruits',6,37),(351,'Chou palmiste',6,33),(352,'Coriandre',6,8),(353,'Huile de cameline',14,51),(354,'Céleri rave',6,33),(355,'Lentilles',6,52),(356,'Oignon',6,33),(357,'Panais',6,33),(358,'Patate douce',6,33),(359,'Piment végétarien',6,33),(360,'Poireau',6,33),(361,'Cresson',6,33),(362,'Salsifis',6,33),(363,'Cébette',6,33),(364,'Sauge',6,8),(365,'Madère',6,33),(366,'Manioc',6,33),(367,'Pâtisson',6,33),(368,'Persil tubéreux',6,33),(369,'Potiron',6,33),(370,'Romarin',6,8),(371,'Myrtillier',6,8),(372,'Ortie',6,8),(373,'Cive',6,33),(374,'Eau florale (non alimentaire)',3,5),(375,'Fleur alimentaire',6,8),(376,'Petit-beurre',7,9),(377,'Huile d\'olive',14,51),(378,'Crème de cuisine végétale (à l\'avoine)',14,38),(379,'Paprika',14,38),(380,'Moutarde',14,38),(381,'Huile de tournesol oléique',14,51),(382,'Savon',3,3),(383,'Jus de Fraise',9,28),(384,'Jus de Poire',9,28),(385,'Jus de Pomme',9,28),(386,'Jus de Tomate',9,28),(387,'Jus d\'Orange',9,28),(388,'Vinaigrette',14,51),(389,'Distillat (aromatique)',14,38),(390,'Mayonnaise',14,47),(391,'Câpres',14,38),(392,'Pesto',14,47),(393,'Pickles',14,38),(394,'Jus de Kiwi',9,28),(395,'Boisson végétale',9,53),(396,'Cola',9,53),(397,'Jus d\'Abricot',9,28),(398,'Haricot',6,52),(399,'Lait',8,54),(400,'Lait d\'ânesse (alimentaire)',8,54),(401,'Bouquet des champs',5,7),(402,'Lait de jument',8,54),(403,'Autres huiles',14,51),(404,'Huile de noix',14,51),(405,'Parfum d\'intérieur',5,6),(406,'Vaisselle',5,6),(407,'Vanille',14,38),(408,'Jus de Fruits rouges',9,28),(409,'Jus de Griotte',9,28),(410,'Jus de Raisin',9,28),(411,'Limonade',9,53),(412,'Nectar',9,28),(413,'Pétillant de pomme',9,53),(414,'Pollen',14,42),(415,'Huile d\'argan',14,51),(416,'Huile de colza',14,51),(417,'Huile de lin',14,51),(418,'Huile de noisettes',14,51),(419,'Sardine',1,1),(420,'Sirop',9,55),(421,'Cookie',7,9),(422,'Huile d\'arachide',14,51),(423,'Curcuma',14,38),(424,'Haricot beurre',6,33),(425,'Crème fraîche',8,10),(426,'Spécialités fromagères',8,26),(427,'Biscuit rose',7,9),(428,'Soupe',6,30),(429,'Soupe de légumes',6,30),(430,'Soupe de tomates',6,30),(431,'Conserves de légumes',6,30),(432,'Biscuits',7,9),(433,'Soupe (rascasse, vive, etc)',1,44),(434,'Cake',7,9),(435,'Ratatouille',6,30),(436,'Salade',6,33),(437,'Avocat',6,33),(438,'Sauternes',9,11),(439,'Vin mousseux ou Crémant',9,11),(440,'Meringue',7,9),(441,'Palet breton',7,9),(442,'Pain tournesol',7,32),(443,'Pain à l\'engrain',7,32),(444,'Pain à l\'épeautre',7,32),(445,'Vin Blanc',9,11),(446,'Vin Rosé',9,11),(447,'Vin Rouge',9,11),(448,'Sauge',6,8),(449,'Huile essentielle',6,8),(450,'Sucre',14,38),(451,'Thé',14,43),(452,'Tisane',14,43),(453,'Chutney',14,38),(454,'Mélange d\'épices',14,38),(455,'Quinoa',14,35),(456,'Lin',14,35),(457,'Graines à croquer',14,35),(458,'Graines à cuire',14,35),(459,'Gingembre',14,38),(460,'Huile de ricin',14,51),(461,'Huile de soja',14,51),(462,'Huile de tournesol',14,51),(463,'Huile d\'olive',14,51),(464,'Aloe vera',14,42),(465,'Vinaigre',14,38),(466,'Vinaigre alcoolisé',14,38),(467,'Vinaigre balsamique',14,38),(468,'Coulis de fruit',14,38),(469,'Coulis de fruits rouges',14,38),(470,'Coulis de tomates',14,47),(471,'Lait de coco',14,38),(472,'Macération solaire (alimentaire)',14,51),(473,'Chips de légume',14,41),(474,'Muesli',14,35),(475,'Pâtes',14,35),(476,'Laurier',6,8),(477,'Algues',14,42),(478,'Baies roses',14,38),(479,'Café',14,43),(480,'Miel d\'acacia',14,34),(481,'Miel de Lavande',14,34),(482,'Pigeon',10,56),(483,'Autruche',10,56),(484,'Boeuf',10,57),(485,'Caille',10,56),(486,'Confit',10,58),(487,'Confit de canard',10,58),(488,'Confit d\'oie',10,58),(489,'Canard',10,56),(490,'Coquelet',10,56),(491,'Faisan',10,56),(492,'Géline',10,56),(493,'Chapon',10,56),(494,'Foie gras',10,58),(495,'Oie',10,56),(496,'Foie gras entier',10,58),(497,'Perdrix',10,56),(498,'Pintade',10,56),(499,'Dinde',10,56),(500,'Agneau',10,59),(501,'Magret',10,58),(502,'Poitrine fumée',10,60),(503,'Cerfs & Biches',10,56),(504,'Porc',10,61),(505,'Poularde',10,56),(506,'Poule',10,56),(507,'Poulet',10,56),(508,'Mousse de foie gras',10,58),(509,'Pâté',10,58),(510,'Andouille',10,60),(511,'Boudin',10,60),(512,'Coppa',10,60),(513,'Jambon',10,60),(514,'Jambon cru',10,60),(515,'Jambonneau',10,60),(516,'Pancetta',10,60),(517,'Rosette',10,60),(518,'Saucisse',10,60),(519,'Saucisson',10,60),(520,'Veau',10,62),(521,'Confit d\'oignons',10,58),(522,'abats',10,14),(523,'Confit d\'échalote',14,38),(524,'Spiruline',14,42),(525,'Tapenade',14,38),(526,'Propolis',14,42),(527,'Poudre de noisettes',14,38),(528,'Poudre de noix',14,38),(529,'Biscuit apéritif',14,41),(530,'Rouille',14,47),(531,'Sauce d\'accompagnement',14,47),(532,'Sauce pour salade',14,47),(533,'Safran',14,38),(534,'Sauce tomate',14,47),(535,'Aromates',14,38),(536,'Semoule de blé',14,35),(537,'Sel',14,38),(538,'chocolat blanc',14,48),(539,'Rutabaga',6,33),(540,'Christophine (Chouchou, Chayotte)',6,33),(541,'Thym',6,8),(542,'Frêne',6,8),(543,'Eglantier',6,8),(544,'Souci',6,8),(545,'Hysope',6,8),(546,'Ail des ours',6,8),(547,'Aspérule Odorante',6,8),(548,'Maïs',6,33),(549,'Menthe',6,8),(550,'Haricot vert',6,33),(551,'Olive',6,33),(552,'Radis',6,33),(553,'Persil',6,8),(554,'Céleri branche',6,33),(555,'Courges',6,33),(556,'Pensée sauvage',6,8),(557,'Reine des prés',6,8),(558,'Potimarron',6,33),(559,'Tomate',6,33),(560,'Topinambour',6,33),(561,'Sarriette',6,8),(562,'Ail',6,33),(563,'Blette',6,33),(564,'Concombres',6,33),(565,'Artichaut',6,33),(566,'Asperge',6,33),(567,'Aubergine',6,33),(568,'Cornichons',6,33),(569,'Epinards',6,33),(570,'Betterave',6,33),(571,'Carottes',6,33),(572,'Poivron',6,33),(573,'Petits pois',6,33),(574,'Chocolat en poudre',14,48),(575,'Pois gourmands',6,33),(576,'Tilleul',6,8),(577,'Verveine citronnelle',6,8),(578,'Vigne rouge',6,8),(579,'Nougat',14,48),(580,'Banane plantain',6,33),(581,'Banane Poyo',6,33),(582,'Fruit à pain',6,33),(583,'Giraumon',6,33),(584,'Courgettes',6,33),(585,'Crosne',6,33),(586,'Tablette de chocolat',14,48),(587,'Confiserie à base de chocolat',14,48),(588,'Champignon',6,33),(589,'Échalote',6,33),(590,'Endives',6,33),(591,'Gombo',6,33),(592,'Sureau',6,8),(593,'Confiserie',14,48),(594,'Chocolat',14,48),(595,'Aneth',6,8),(596,'Autres plantes sauvages',6,8),(597,'Pois chiches',6,52),(598,'Brocolis',6,33),(599,'Fenouil',6,33),(600,'Fève',6,52),(601,'Fève',6,33),(602,'Citronnelle',6,8),(603,'Estragon',6,8),(604,'Fenouil',6,8),(605,'Fenugrec',6,8),(606,'Lamier blanc',6,8),(607,'Pois cassés',6,52),(608,'Coquelicot',6,8),(609,'Cerfeuil',6,8),(610,'Bonbon',14,48),(611,'Huile essentielle alimentaire',6,8),(612,'Houblon',6,8),(613,'Butternut',6,33),(614,'Igname',6,33),(615,'Framboisier',6,8),(616,'Curry nain (helichrysum)',6,8),(617,'Lavande',6,8),(618,'Navets',6,33),(619,'Cardon',6,33),(620,'Céleri vivace (livèche)',6,8),(621,'Ronce',6,8),(622,'Galette végétale',6,33),(623,'Baies de Genévrier',6,8),(624,'Cassis feuille',6,8),(625,'Consoude',6,8),(626,'Achillée',6,8),(627,'Pomme de terre',6,33),(628,'Coriandre',6,8),(629,'Marjolaine',6,8),(630,'Mélange',6,8),(631,'Mélisse',6,8),(632,'Millepertuis',6,8),(633,'Oseille',6,8),(634,'Choux',6,33),(635,'Ciboulette',6,8),(636,'Eau florale (alimentaire)',6,8),(637,'Rougail',6,30),(638,'Prêle',6,8),(639,'Mélange',6,40),(640,'Quenette',6,39),(641,'Papaye',6,39),(642,'Pistache',6,40),(643,'Pêche',6,39),(644,'Abricot des Antilles',6,39),(645,'Pastèque',6,39),(646,'Melon',6,39),(647,'Orange',6,39),(648,'Fruit de la passion',6,39),(649,'Achards',6,30),(650,'Noix',6,40),(651,'Noix de cajou',6,40),(652,'Pomme de cajou',6,39),(653,'Mirabelle',6,39),(654,'Châtaigne',6,39),(655,'Datte',6,40),(656,'Fruits rouges',6,39),(657,'Durian',6,39),(658,'Barbadine',6,39);
/*!40000 ALTER TABLE `TxpProduct` ENABLE KEYS */;
UNLOCK TABLES;

--
-- Table structure for table `TxpSubCategory`
--

DROP TABLE IF EXISTS `TxpSubCategory`;
/*!40101 SET @saved_cs_client     = @@character_set_client */;
/*!40101 SET character_set_client = utf8 */;
CREATE TABLE `TxpSubCategory` (
  `id` int(11) NOT NULL AUTO_INCREMENT,
  `name` varchar(128) NOT NULL,
  `categoryId` int(11) NOT NULL,
  PRIMARY KEY (`id`),
  KEY `TxpSubCategory_category` (`categoryId`),
  CONSTRAINT `TxpSubCategory_category` FOREIGN KEY (`categoryId`) REFERENCES `TxpCategory` (`id`) ON DELETE CASCADE
) ENGINE=InnoDB AUTO_INCREMENT=63 DEFAULT CHARSET=utf8;
/*!40101 SET character_set_client = @saved_cs_client */;

--
-- Dumping data for table `TxpSubCategory`
--

LOCK TABLES `TxpSubCategory` WRITE;
/*!40000 ALTER TABLE `TxpSubCategory` DISABLE KEYS */;
INSERT INTO `TxpSubCategory` VALUES (1,'Poissons',1),(2,'Livraison à domicile',2),(3,'Hygiène',3),(4,'Traiteur',4),(5,'Cosmétiques',3),(6,'Maison et Entretien',5),(7,'Jardin & Potager',5),(8,'Herbes et Plantes',6),(9,'Pâtisserie',7),(10,'Beurre & Crème Fraîche',8),(11,'Boissons alcoolisées',9),(12,'Fruits de mer',1),(13,'Viennoiseries',7),(14,'Autres Viandes',10),(15,'Poissons et crustacés',1),(16,'Escargots',10),(17,'Animaux',11),(18,'Artisanat',12),(19,'Glaces & Sorbets',8),(20,'Paniers composés',13),(21,'Objets culturels',12),(22,'Atelier, Cours et Visite',12),(23,'Boissons sans alcool',9),(24,'Information',12),(25,'Jouets',12),(26,'Fromage',8),(27,'Habillement',12),(28,'Jus de Fruits',9),(29,'Yaourts & Fromages Frais',8),(30,'Soupes et Conserves',6),(31,'Galettes et Crêpes',7),(32,'Pains',7),(33,'Légumes',6),(34,'Confitures, miel, compotes',14),(35,'Céréales / Farines / Graines',14),(36,'Rillettes et Pâtés',10),(37,'Paniers composés',6),(38,'Condiments, épices, sucres',14),(39,'Fruits',6),(40,'Fruits secs',6),(41,'Apéritif',14),(42,'Compléments alimentaires',14),(43,'Café, thé et infusions',14),(44,'Soupes et Rillettes',1),(45,'Rillettes et Pâtés',10),(46,'Poissons fumés',1),(47,'Sauces',14),(48,'Confiseries & Chocolat',14),(49,'Artisanat et culture',12),(50,'Œufs',8),(51,'Huiles',14),(52,'Légumes secs',6),(53,'Boissons fraîches',9),(54,'Lait',8),(55,'Sirop',9),(56,'Volailles et gibiers',10),(57,'Boeuf',10),(58,'Foie Gras et Confits',10),(59,'Agneau',10),(60,'Charcuterie',10),(61,'Porc',10),(62,'Veau',10);
/*!40000 ALTER TABLE `TxpSubCategory` ENABLE KEYS */;
UNLOCK TABLES;

--
-- Table structure for table `User`
--

DROP TABLE IF EXISTS `User`;
/*!40101 SET @saved_cs_client     = @@character_set_client */;
/*!40101 SET character_set_client = utf8 */;
CREATE TABLE `User` (
  `id` int(11) NOT NULL AUTO_INCREMENT,
  `lang` varchar(2) NOT NULL,
  `pass` tinytext NOT NULL,
  `rights` int(11) NOT NULL,
  `firstName` varchar(32) NOT NULL,
  `lastName` varchar(32) NOT NULL,
  `email` varchar(64) NOT NULL,
  `phone` varchar(19) DEFAULT NULL,
  `firstName2` varchar(32) DEFAULT NULL,
  `lastName2` varchar(32) DEFAULT NULL,
  `email2` varchar(64) DEFAULT NULL,
  `phone2` varchar(19) DEFAULT NULL,
  `address1` varchar(64) DEFAULT NULL,
  `address2` varchar(64) DEFAULT NULL,
  `zipCode` varchar(32) DEFAULT NULL,
  `city` varchar(25) DEFAULT NULL,
  `birthDate` date DEFAULT NULL,
  `nationality` varchar(2) DEFAULT NULL,
  `countryOfResidence` varchar(2) DEFAULT NULL,
  `cdate` date NOT NULL,
  `ldate` datetime DEFAULT NULL,
  `flags` int(11) NOT NULL,
  `tos` tinyint(1) NOT NULL,
  `tutoState` mediumblob,
  `apiKey` varchar(128) DEFAULT NULL,
  PRIMARY KEY (`id`),
  UNIQUE KEY `User_email` (`email`),
  KEY `User_email2` (`email2`)
) ENGINE=InnoDB AUTO_INCREMENT=6 DEFAULT CHARSET=utf8;
/*!40101 SET character_set_client = @saved_cs_client */;

--
-- Dumping data for table `User`
--

LOCK TABLES `User` WRITE;
/*!40000 ALTER TABLE `User` DISABLE KEYS */;
INSERT INTO `User` VALUES (1,'fr','34b027b299bba39c7a7650622d9efea0',1,'Alix','VINIGIER','cagette@leportail.org',NULL,NULL,NULL,NULL,NULL,NULL,NULL,NULL,NULL,NULL,NULL,NULL,'2022-04-13','2022-05-26 09:37:10',6,0,NULL,NULL),(2,'fr','9596746a98eaba791ef4f080790f935e',0,'Guillaume','PENAUD','guillaume.penaud@gmail.com','06 66 22 24 75',NULL,NULL,NULL,NULL,'9 Rue de Cretey',NULL,'71270','Torpes','1984-07-17','FR','FR','2022-04-13','2022-05-10 09:52:15',4,0,NULL,NULL),(3,'fr','9596746a98eaba791ef4f080790f935e',0,'Yan','LAGOUGE','yan.lagouge@gmail.com','06 66 22 24 75',NULL,NULL,NULL,NULL,'1763 route du bourg',NULL,'39140','Chapelle-Voland','1984-07-17','FR','FR','2022-04-13','2022-05-10 09:52:15',4,0,NULL,NULL),(4,'fr','88587623c254caa96909038d2d699ee6',0,'Océane','PEISEY','oceanep.lilas@riseup.net',NULL,NULL,NULL,NULL,NULL,'9 Rue de Cretey',NULL,'71270','Torpes','1989-04-13','FR','FR','2022-04-13','2022-05-10 09:52:15',4,0,NULL,NULL),(5,'fr','6e6c70efaf04804f3f1f04785b7bddb5',0,'Adèle','TRUEBLOOD','fermedujointout@gmail.com',NULL,NULL,NULL,NULL,NULL,'7 Rue du Portail',NULL,'71270','Torpes','1989-04-13','FR','FR','2022-04-13','2022-05-10 09:52:15',4,0,NULL,NULL);
/*!40000 ALTER TABLE `User` ENABLE KEYS */;
UNLOCK TABLES;

--
-- Table structure for table `UserGroup`
--

DROP TABLE IF EXISTS `UserGroup`;
/*!40101 SET @saved_cs_client     = @@character_set_client */;
/*!40101 SET character_set_client = utf8 */;
CREATE TABLE `UserGroup` (
  `rights` mediumblob,
  `rights2` text,
  `balance` double NOT NULL,
  `groupId` int(11) NOT NULL,
  `userId` int(11) NOT NULL,
  PRIMARY KEY (`userId`,`groupId`),
  KEY `UserGroup_group` (`groupId`),
  CONSTRAINT `UserGroup_group` FOREIGN KEY (`groupId`) REFERENCES `Group` (`id`) ON DELETE CASCADE,
  CONSTRAINT `UserGroup_user` FOREIGN KEY (`userId`) REFERENCES `User` (`id`) ON DELETE CASCADE
) ENGINE=InnoDB DEFAULT CHARSET=utf8;
/*!40101 SET character_set_client = @saved_cs_client */;

--
-- Dumping data for table `UserGroup`
--

LOCK TABLES `UserGroup` WRITE;
/*!40000 ALTER TABLE `UserGroup` DISABLE KEYS */;
INSERT INTO `UserGroup` VALUES (_binary 'ajy8:db.Right:0:0jR0:2:0jR0:3:0jR0:1:1nh','[{\"right\":\"GroupAdmin\",\"params\":null},{\"right\":\"Membership\",\"params\":null},{\"right\":\"Messages\",\"params\":null},{\"right\":\"CatalogAdmin\",\"params\":null}]',0,1,1),(NULL,NULL,0,1,2),(NULL,NULL,0,1,3),(NULL,NULL,0,1,4),(NULL,NULL,0,1,5);
/*!40000 ALTER TABLE `UserGroup` ENABLE KEYS */;
UNLOCK TABLES;

--
-- Table structure for table `UserOrder`
--

DROP TABLE IF EXISTS `UserOrder`;
/*!40101 SET @saved_cs_client     = @@character_set_client */;
/*!40101 SET character_set_client = utf8 */;
CREATE TABLE `UserOrder` (
  `id` int(11) NOT NULL AUTO_INCREMENT,
  `quantity` double NOT NULL,
  `productPrice` double NOT NULL,
  `feesRate` double NOT NULL,
  `paid` tinyint(1) NOT NULL,
  `date` datetime NOT NULL,
  `flags` int(11) NOT NULL,
  `userId` int(11) NOT NULL,
  `userId2` int(11) DEFAULT NULL,
  `productId` int(11) NOT NULL,
  `distributionId` int(11) NOT NULL,
  `basketId` int(11) DEFAULT NULL,
  `subscriptionId` int(11) DEFAULT NULL,
  PRIMARY KEY (`id`),
  KEY `UserOrder_user` (`userId`),
  KEY `UserOrder_user2` (`userId2`),
  KEY `UserOrder_product` (`productId`),
  KEY `UserOrder_distribution` (`distributionId`),
  KEY `UserOrder_basket` (`basketId`),
  KEY `UserOrder_subscription` (`subscriptionId`),
  CONSTRAINT `UserOrder_basket` FOREIGN KEY (`basketId`) REFERENCES `Basket` (`id`) ON DELETE SET NULL,
  CONSTRAINT `UserOrder_distribution` FOREIGN KEY (`distributionId`) REFERENCES `Distribution` (`id`) ON DELETE CASCADE,
  CONSTRAINT `UserOrder_product` FOREIGN KEY (`productId`) REFERENCES `Product` (`id`) ON DELETE CASCADE,
  CONSTRAINT `UserOrder_subscription` FOREIGN KEY (`subscriptionId`) REFERENCES `Subscription` (`id`) ON DELETE SET NULL,
  CONSTRAINT `UserOrder_user` FOREIGN KEY (`userId`) REFERENCES `User` (`id`) ON DELETE CASCADE,
  CONSTRAINT `UserOrder_user2` FOREIGN KEY (`userId2`) REFERENCES `User` (`id`) ON DELETE SET NULL
) ENGINE=InnoDB DEFAULT CHARSET=utf8;
/*!40101 SET character_set_client = @saved_cs_client */;

--
-- Dumping data for table `UserOrder`
--

LOCK TABLES `UserOrder` WRITE;
/*!40000 ALTER TABLE `UserOrder` DISABLE KEYS */;
/*!40000 ALTER TABLE `UserOrder` ENABLE KEYS */;
UNLOCK TABLES;

--
-- Table structure for table `Variable`
--

DROP TABLE IF EXISTS `Variable`;
/*!40101 SET @saved_cs_client     = @@character_set_client */;
/*!40101 SET character_set_client = utf8 */;
CREATE TABLE `Variable` (
  `name` varchar(50) NOT NULL,
  `value` varchar(50) NOT NULL,
  PRIMARY KEY (`name`)
) ENGINE=InnoDB DEFAULT CHARSET=utf8;
/*!40101 SET character_set_client = @saved_cs_client */;

--
-- Dumping data for table `Variable`
--

LOCK TABLES `Variable` WRITE;
/*!40000 ALTER TABLE `Variable` DISABLE KEYS */;
/*!40000 ALTER TABLE `Variable` ENABLE KEYS */;
UNLOCK TABLES;

--
-- Table structure for table `Vendor`
--

DROP TABLE IF EXISTS `Vendor`;
/*!40101 SET @saved_cs_client     = @@character_set_client */;
/*!40101 SET character_set_client = utf8 */;
CREATE TABLE `Vendor` (
  `id` int(11) NOT NULL AUTO_INCREMENT,
  `name` varchar(128) NOT NULL,
  `peopleName` varchar(128) DEFAULT NULL,
  `profession` int(11) DEFAULT NULL,
  `email` varchar(128) DEFAULT NULL,
  `phone` varchar(19) DEFAULT NULL,
  `address1` varchar(64) DEFAULT NULL,
  `address2` varchar(64) DEFAULT NULL,
  `zipCode` varchar(32) NOT NULL,
  `city` varchar(25) NOT NULL,
  `country` varchar(64) DEFAULT NULL,
  `desc` mediumtext,
  `cdate` date DEFAULT NULL,
  `companyNumber` varchar(128) DEFAULT NULL,
  `siretInfos` mediumblob,
  `linkText` varchar(256) DEFAULT NULL,
  `linkUrl` varchar(256) DEFAULT NULL,
  `directory` tinyint(1) NOT NULL,
  `longDesc` mediumtext,
  `offCagette` mediumtext,
  `status` varchar(32) DEFAULT NULL,
  `isTest` tinyint(1) NOT NULL,
  `lat` double DEFAULT NULL,
  `lng` double DEFAULT NULL,
  `imageId` int(11) DEFAULT NULL,
  `userId` int(11) DEFAULT NULL,
  PRIMARY KEY (`id`),
  KEY `Vendor_image` (`imageId`),
  KEY `Vendor_user` (`userId`),
  CONSTRAINT `Vendor_image` FOREIGN KEY (`imageId`) REFERENCES `File` (`id`) ON DELETE SET NULL,
  CONSTRAINT `Vendor_user` FOREIGN KEY (`userId`) REFERENCES `User` (`id`) ON DELETE SET NULL
) ENGINE=InnoDB AUTO_INCREMENT=7 DEFAULT CHARSET=utf8;
/*!40101 SET character_set_client = @saved_cs_client */;

--
-- Dumping data for table `Vendor`
--

LOCK TABLES `Vendor` WRITE;
/*!40000 ALTER TABLE `Vendor` DISABLE KEYS */;
INSERT INTO `Vendor` VALUES (1,'Ferme du Jointout','Thomas et Adèle Trueblood',51,'fermedujointout@gmail.com','06 54 23 87 09','7 Rue du Portail',NULL,'71270','Torpes','FR','Maraîchage, fromage','2022-04-13',NULL,NULL,NULL,NULL,1,NULL,NULL,NULL,0,NULL,NULL,NULL,NULL),(2,'Ferme Adiiris','Adrien et Iris Reichlin',29,'adiiris@riseup.net','06 54 87 32 14','149 route de Sens',NULL,'71330','Saint-Germain-du-Bois','FR','Produits laitiers, fromage','2022-05-22',NULL,NULL,NULL,NULL,1,NULL,NULL,NULL,0,NULL,NULL,NULL,NULL),(3,'Ferme de Visargent','Visargent',29,'fermedevisargent@gmail.com',NULL,NULL,NULL,'71571','Sens-sur-Seille','FR','Éleveur laitier bovin','2022-05-22',NULL,NULL,NULL,NULL,1,NULL,NULL,NULL,0,NULL,NULL,NULL,NULL),(4,'Elan Jardin','Julie Portail',29,'elan.confitures@orange.fr','03 84 44 46 71','Lieu-dit Petit Nance',NULL,'39140','Nance','FR','Fabricant de confitures','2022-05-22',NULL,NULL,NULL,NULL,1,NULL,NULL,NULL,0,NULL,NULL,NULL,NULL),(5,'Paysan Sorcier','Jérémy Lheureux',29,'jeremylheureux@gmail.com','06 29 44 82 69','11 Impasse de l\'Église',NULL,'71270','Torpes','FR','Fabricant de savon et de lessives','2022-05-22',NULL,NULL,NULL,NULL,1,NULL,NULL,NULL,0,NULL,NULL,NULL,NULL),(6,'Le Jardin Burgonde','Hervé, Aurélie et Aymeric',29,'lejardinburgonde@laposte.net','06 87 78 87 30','1173 Rue du Montceau',NULL,'71580','Le Fay','FR','Maraîcher','2022-05-22',NULL,NULL,NULL,NULL,1,NULL,NULL,NULL,0,NULL,NULL,NULL,NULL);
/*!40000 ALTER TABLE `Vendor` ENABLE KEYS */;
UNLOCK TABLES;

--
-- Table structure for table `Volunteer`
--

DROP TABLE IF EXISTS `Volunteer`;
/*!40101 SET @saved_cs_client     = @@character_set_client */;
/*!40101 SET character_set_client = utf8 */;
CREATE TABLE `Volunteer` (
  `userId` int(11) NOT NULL,
  `multiDistribId` int(11) NOT NULL,
  `volunteerRoleId` int(11) NOT NULL,
  PRIMARY KEY (`userId`,`multiDistribId`,`volunteerRoleId`),
  KEY `Volunteer_multiDistrib` (`multiDistribId`),
  KEY `Volunteer_volunteerRole` (`volunteerRoleId`),
  CONSTRAINT `Volunteer_multiDistrib` FOREIGN KEY (`multiDistribId`) REFERENCES `MultiDistrib` (`id`) ON DELETE CASCADE,
  CONSTRAINT `Volunteer_user` FOREIGN KEY (`userId`) REFERENCES `User` (`id`) ON DELETE CASCADE,
  CONSTRAINT `Volunteer_volunteerRole` FOREIGN KEY (`volunteerRoleId`) REFERENCES `VolunteerRole` (`id`) ON DELETE CASCADE
) ENGINE=InnoDB DEFAULT CHARSET=utf8;
/*!40101 SET character_set_client = @saved_cs_client */;

--
-- Dumping data for table `Volunteer`
--

LOCK TABLES `Volunteer` WRITE;
/*!40000 ALTER TABLE `Volunteer` DISABLE KEYS */;
/*!40000 ALTER TABLE `Volunteer` ENABLE KEYS */;
UNLOCK TABLES;

--
-- Table structure for table `VolunteerRole`
--

DROP TABLE IF EXISTS `VolunteerRole`;
/*!40101 SET @saved_cs_client     = @@character_set_client */;
/*!40101 SET character_set_client = utf8 */;
CREATE TABLE `VolunteerRole` (
  `id` int(11) NOT NULL AUTO_INCREMENT,
  `name` varchar(64) NOT NULL,
  `groupId` int(11) NOT NULL,
  `catalogId` int(11) DEFAULT NULL,
  PRIMARY KEY (`id`),
  KEY `VolunteerRole_group` (`groupId`),
  KEY `VolunteerRole_catalog` (`catalogId`),
  CONSTRAINT `VolunteerRole_catalog` FOREIGN KEY (`catalogId`) REFERENCES `Catalog` (`id`) ON DELETE SET NULL,
  CONSTRAINT `VolunteerRole_group` FOREIGN KEY (`groupId`) REFERENCES `Group` (`id`) ON DELETE CASCADE
) ENGINE=InnoDB DEFAULT CHARSET=utf8;
/*!40101 SET character_set_client = @saved_cs_client */;

--
-- Dumping data for table `VolunteerRole`
--

LOCK TABLES `VolunteerRole` WRITE;
/*!40000 ALTER TABLE `VolunteerRole` DISABLE KEYS */;
/*!40000 ALTER TABLE `VolunteerRole` ENABLE KEYS */;
UNLOCK TABLES;

--
-- Table structure for table `WaitingList`
--

DROP TABLE IF EXISTS `WaitingList`;
/*!40101 SET @saved_cs_client     = @@character_set_client */;
/*!40101 SET character_set_client = utf8 */;
CREATE TABLE `WaitingList` (
  `date` datetime NOT NULL,
  `message` mediumtext NOT NULL,
  `amapId` int(11) NOT NULL,
  `userId` int(11) NOT NULL,
  PRIMARY KEY (`userId`,`amapId`),
  KEY `WaitingList_group` (`amapId`),
  CONSTRAINT `WaitingList_group` FOREIGN KEY (`amapId`) REFERENCES `Group` (`id`) ON DELETE CASCADE,
  CONSTRAINT `WaitingList_user` FOREIGN KEY (`userId`) REFERENCES `User` (`id`) ON DELETE CASCADE
) ENGINE=InnoDB DEFAULT CHARSET=utf8;
/*!40101 SET character_set_client = @saved_cs_client */;

--
-- Dumping data for table `WaitingList`
--

LOCK TABLES `WaitingList` WRITE;
/*!40000 ALTER TABLE `WaitingList` DISABLE KEYS */;
/*!40000 ALTER TABLE `WaitingList` ENABLE KEYS */;
UNLOCK TABLES;
/*!40103 SET TIME_ZONE=@OLD_TIME_ZONE */;

/*!40101 SET SQL_MODE=@OLD_SQL_MODE */;
/*!40014 SET FOREIGN_KEY_CHECKS=@OLD_FOREIGN_KEY_CHECKS */;
/*!40014 SET UNIQUE_CHECKS=@OLD_UNIQUE_CHECKS */;
/*!40101 SET CHARACTER_SET_CLIENT=@OLD_CHARACTER_SET_CLIENT */;
/*!40101 SET CHARACTER_SET_RESULTS=@OLD_CHARACTER_SET_RESULTS */;
/*!40101 SET COLLATION_CONNECTION=@OLD_COLLATION_CONNECTION */;
/*!40111 SET SQL_NOTES=@OLD_SQL_NOTES */;

-- Dump completed on 2022-05-26  9:40:24
